res;kingdom;phylum
-4,9211863019841;Animalia;Acanthocephala
-0,817404850882729;Animalia;Annelida
-1,24980867169291;Animalia;Annelida
-2,92959112425391;Animalia;Annelida
-4,49323961492993;Animalia;Annelida
-4,98002680200724;Animalia;Annelida
-2,30730416970124;Animalia;Annelida
-2,13711186669381;Animalia;Arthropoda
-2,87665713291452;Animalia;Arthropoda
-2,38162595353846;Animalia;Arthropoda
-1,91396831537961;Animalia;Arthropoda
-1,27966163484259;Animalia;Arthropoda
1,32044732797826;Animalia;Arthropoda
-0,331919010801502;Animalia;Arthropoda
-2,13378978963388;Animalia;Arthropoda
-0,747495428513987;Animalia;Arthropoda
-0,51167622369526;Animalia;Arthropoda
-1,21387323977512;Animalia;Arthropoda
1,43904632161475;Animalia;Arthropoda
-0,594119053667868;Animalia;Arthropoda
-4,68639776489378;Animalia;Arthropoda
1,84487355758655;Animalia;Arthropoda
-0,569970872176256;Animalia;Arthropoda
-2,47576869183376;Animalia;Arthropoda
-2,15848240222425;Animalia;Arthropoda
-0,333517939818758;Animalia;Arthropoda
-0,649034811263983;Animalia;Arthropoda
-1,35844251269571;Animalia;Arthropoda
-0,578967248647266;Animalia;Arthropoda
-2,13711186669381;Animalia;Arthropoda
-3,55619866141868;Animalia;Arthropoda
-2,25044055200082;Animalia;Arthropoda
4,98676234866557;Animalia;Chordata
0,147454720797552;Animalia;Chordata
-0,1966286027718;Animalia;Chordata
-0,0052677658844722;Animalia;Chordata
-1,48426323154982;Animalia;Chordata
-1,88383849489756;Animalia;Chordata
2,17751501456146;Animalia;Chordata
2,09492209830147;Animalia;Chordata
-0,296213488700038;Animalia;Chordata
0,942501890840878;Animalia;Chordata
0,814492884207126;Animalia;Chordata
-2,71650864596277;Animalia;Chordata
0,47789276217107;Animalia;Chordata
-0,243007680455856;Animalia;Chordata
-0,381413648406198;Animalia;Chordata
-1,73584850724738;Animalia;Chordata
0,798249641968717;Animalia;Chordata
0,563769844929782;Animalia;Chordata
-0,292466162389702;Animalia;Chordata
-0,732366546917687;Animalia;Chordata
2,39893788865159;Animalia;Chordata
1,94163549871462;Animalia;Chordata
-0,637436198581936;Animalia;Chordata
3,00272575035138;Animalia;Chordata
3,62471487270678;Animalia;Chordata
-0,00672019896478737;Animalia;Chordata
-0,413678655465127;Animalia;Chordata
1,10016504354528;Animalia;Chordata
0,947784478261297;Animalia;Chordata
-2,15443033385068;Animalia;Chordata
0,761165070709462;Animalia;Chordata
0,22104307745504;Animalia;Chordata
1,7160706387114;Animalia;Chordata
0,825303800311342;Animalia;Chordata
0,0278051814253821;Animalia;Chordata
0,300836946502696;Animalia;Chordata
2,53601132739348;Animalia;Chordata
0,428100646809242;Animalia;Chordata
-0,626414495021766;Animalia;Chordata
-0,0280751488478295;Animalia;Chordata
2,79576055740626;Animalia;Chordata
0,408751744652037;Animalia;Chordata
2,30405369047551;Animalia;Chordata
1,64301106784189;Animalia;Mollusca
-1,73164675858565;Animalia;Mollusca
1,71531277584829;Animalia;Mollusca
-1,35844251269571;Animalia;Mollusca
-0,768836011076603;Animalia;Platyhelminthes
-1,83173021714263;Animalia;Platyhelminthes
-0,402781982811897;Animalia;Porifera
-3,14579357827266;Animalia;Rotifera
-1,68512674295076;Animalia;Rotifera
-0,698631752403355;Animalia;Rotifera
-0,445435856022743;Animalia;Rotifera
-1,26462375747805;Animalia;Rotifera
-0,741928558156679;Animalia;Tardigrada
3,12492726817847;Animalia;Tardigrada
-2,14735728707085;Plantae;Rhodophyta
-8,19615046142237;Plantae;Rhodophyta
-1,24351451057675;Plantae;Rhodophyta
-5,04993736724101;Plantae;Rhodophyta
-3,0578248053267;Plantae;Tracheophyta
-0,0268986663472264;Plantae;Tracheophyta
-1,88579743841291;Animalia;Arthropoda
-0,583690132827931;Animalia;Chordata
-0,801999373437061;Animalia;Chordata
2,99591733198379;Animalia;Chordata
-2,33448760533723;Animalia;Nematoda
-1,07486722219658;Animalia;Nematoda
-1,97280881540254;Animalia;Nematoda
-2,16496432526093;Animalia;Platyhelminthes
-3,08901425877216;Animalia;Platyhelminthes
-5,21515733189903;Animalia;Platyhelminthes
-5,7225232736973;Animalia;Platyhelminthes
-3,0578248053267;Animalia;Platyhelminthes
-2,23644394369396;Animalia;Rotifera
-2,03532917238387;Animalia;Arthropoda
-0,469844376937582;Animalia;Chordata
1,42574444211974;Animalia;Chordata
-1,06009368761109;Animalia;Chordata
4,58972087640807;Animalia;Chordata
-1,0336659390933;Animalia;Chordata
2,63993474711141;Animalia;Chordata
-3,3519882391429;Animalia;Platyhelminthes
-4,56085167805262;Animalia;Arthropoda
1,2522526839184;Animalia;Chordata
2,15432556964255;Animalia;Chordata
1,48304335550622;Animalia;Chordata
-2,86895237399536;Animalia;Chordata
1,89649646034045;Animalia;Chordata
1,86239859285745;Animalia;Chordata
1,85912097602614;Animalia;Chordata
1,5889607278861;Animalia;Chordata
1,9015437896677;Animalia;Chordata
2,05578436925678;Animalia;Chordata
0,869277701334163;Animalia;Chordata
0,853984070320907;Animalia;Chordata
1,78698086282166;Animalia;Chordata
1,37361705581679;Animalia;Chordata
0,149431603120068;Animalia;Chordata
-1,4265449210489;Animalia;Chordata
0,411280130134145;Animalia;Chordata
-2,32889040952755;Animalia;Chordata
1,39943804689105;Animalia;Chordata
-2,49590553439769;Animalia;Chordata
0,175411225510754;Animalia;Chordata
1,39349559937683;Animalia;Chordata
-1,62374138044532;Animalia;Chordata
2,89402608972896;Animalia;Chordata
1,40043072542966;Animalia;Chordata
-3,74938918879206;Animalia;Chordata
-0,547897728841317;Animalia;Chordata
2,71268375942439;Animalia;Chordata
2,1856006709793;Animalia;Chordata
1,02787023093839;Animalia;Chordata
1,89965402532577;Animalia;Chordata
3,59694404144691;Animalia;Chordata
-1,87927379491699;Animalia;Chordata
3,00006989694375;Animalia;Chordata
1,93838299262842;Animalia;Chordata
-2,94618383856416;Animalia;Chordata
1,44924168904687;Animalia;Chordata
2,93287367102745;Animalia;Chordata
-4,91590753220542;Animalia;Chordata
3,17284861154617;Animalia;Chordata
0,104988328210904;Animalia;Chordata
-0,198353600980992;Animalia;Chordata
0,281934206156514;Animalia;Chordata
2,26568924108212;Animalia;Chordata
6,23735924259876;Animalia;Chordata
7,2488970272581;Animalia;Chordata
4,79488296058809;Animalia;Chordata
-0,613306604886764;Animalia;Chordata
3,18337326633827;Animalia;Chordata
2,8731381639475;Animalia;Chordata
0,361175027088382;Animalia;Chordata
3,54700694822364;Animalia;Chordata
4,58214037992966;Animalia;Chordata
0,125880226000751;Animalia;Chordata
3,70883975410995;Animalia;Chordata
2,15845416038423;Animalia;Chordata
2,17878248852088;Animalia;Chordata
2,44363195456226;Animalia;Chordata
2,34608565158074;Animalia;Chordata
1,94957793190902;Animalia;Chordata
3,58497759846645;Animalia;Chordata
2,3220306899202;Animalia;Chordata
3,47431362162913;Animalia;Chordata
2,96553469086638;Animalia;Chordata
8,49423825349071;Animalia;Chordata
2,98699629349846;Animalia;Chordata
2,90618365375863;Animalia;Chordata
-0,136881334867798;Animalia;Chordata
2,3027745350472;Animalia;Chordata
4,18543864577368;Animalia;Chordata
1,73727840857587;Animalia;Chordata
4,38003172956646;Animalia;Chordata
4,7537515446181;Animalia;Chordata
5,78147779649343;Animalia;Chordata
0,222717770780751;Animalia;Chordata
-0,334743806137171;Animalia;Chordata
0,841897252818271;Animalia;Chordata
1,87637138469903;Animalia;Chordata
2,82606555710869;Animalia;Chordata
0,835730628224384;Animalia;Chordata
3,74062391508582;Animalia;Chordata
2,86273927728803;Animalia;Chordata
4,31779741321749;Animalia;Chordata
2,35208537233435;Animalia;Chordata
4,01044025875205;Animalia;Chordata
2,13060623679036;Animalia;Chordata
2,16200122029186;Animalia;Chordata
2,35502985124199;Animalia;Chordata
4,18410596678663;Animalia;Chordata
1,30094344364219;Animalia;Chordata
1,02530504325207;Animalia;Chordata
3,96013778678678;Animalia;Chordata
2,46126222556019;Animalia;Chordata
2,69170226478663;Animalia;Chordata
0,927829628768361;Animalia;Chordata
3,21585279161218;Animalia;Chordata
-0,0102380323724454;Animalia;Chordata
5,58232923064251;Animalia;Chordata
3,21689599805682;Animalia;Chordata
2,40453401530064;Animalia;Chordata
1,52653770808385;Animalia;Chordata
3,49185895443974;Animalia;Chordata
2,01418130910506;Animalia;Chordata
2,96233160981161;Animalia;Chordata
1,63321934659059;Animalia;Chordata
0,303648100228694;Animalia;Chordata
1,40325059579256;Animalia;Chordata
1,24803317579415;Animalia;Chordata
1,27827480001154;Animalia;Chordata
1,04974691700261;Animalia;Chordata
1,20943089892578;Animalia;Chordata
1,54064825128761;Animalia;Chordata
4,64812569475293;Animalia;Chordata
0,529691658830178;Animalia;Chordata
2,77260647105532;Animalia;Chordata
2,87556754366151;Animalia;Chordata
3,69320846699316;Animalia;Chordata
1,2759387860388;Animalia;Chordata
1,2926257466553;Animalia;Chordata
2,57882213526442;Animalia;Chordata
4,68247552263982;Animalia;Chordata
2,2277144249847;Animalia;Chordata
1,50991049413461;Animalia;Chordata
3,4571217763199;Animalia;Chordata
2,07742636154533;Animalia;Chordata
1,95082814633799;Animalia;Chordata
4,48621943745643;Animalia;Chordata
4,48621943745643;Animalia;Chordata
4,48621943745643;Animalia;Chordata
4,48621943745643;Animalia;Chordata
5,39739770662387;Animalia;Chordata
5,39739770662387;Animalia;Chordata
5,39739770662387;Animalia;Chordata
5,39739770662387;Animalia;Chordata
3,39853623984272;Animalia;Chordata
5,6542397349006;Animalia;Chordata
2,9414045700367;Animalia;Chordata
0,625306524798601;Animalia;Chordata
0,682196874769229;Animalia;Chordata
-3,74050068601935;Animalia;Chordata
4,81192244520776;Animalia;Chordata
0,0513055811855097;Animalia;Chordata
0,362208442582217;Animalia;Chordata
1,29398305280783;Animalia;Chordata
2,77528037951348;Animalia;Chordata
2,19558525119044;Animalia;Chordata
1,44233568065354;Animalia;Chordata
1,28269429287919;Animalia;Chordata
0,220964806939728;Animalia;Chordata
-2,80283941861476;Animalia;Nematoda
-3,26789627507356;Animalia;Nematoda
-1,83173021714263;Plantae;Bryophyta
-1,97280881540254;Plantae;Bryophyta
-1,34218199182393;Plantae;Tracheophyta
-2,57021712334601;Plantae;Tracheophyta
-1,34218199182393;Plantae;Tracheophyta
-1,19265025785296;Plantae;Tracheophyta
-1,42626510903447;Plantae;Tracheophyta
-1,73164675858565;Animalia;Acanthocephala
-1,76982441243247;Animalia;Annelida
-1,32618165047749;Animalia;Annelida
-1,13858303658269;Animalia;Annelida
-1,099868524402;Animalia;Annelida
-2,04069936656787;Animalia;Annelida
-2,10202054688254;Animalia;Annelida
-0,741928558156679;Animalia;Annelida
-1,00340825821444;Animalia;Annelida
-1,08728974219514;Animalia;Annelida
-1,24980867169291;Animalia;Annelida
-2,77930892120457;Animalia;Annelida
-1,34218199182393;Animalia;Annelida
-2,13378978963388;Animalia;Annelida
-1,03849957802571;Animalia;Annelida
-0,714508929517681;Animalia;Annelida
-2,18380021020854;Animalia;Annelida
-0,85419586002776;Animalia;Annelida
-1,48033233030475;Animalia;Annelida
-1,08728974219514;Animalia;Annelida
-3,15252766449448;Animalia;Annelida
-1,9057800486685;Animalia;Annelida
-1,51807265828759;Animalia;Annelida
-3,03699071842386;Animalia;Annelida
-2,25131869001404;Animalia;Annelida
-0,964559933751815;Animalia;Arthropoda
-3,55125868638082;Animalia;Arthropoda
-1,0266651203787;Animalia;Arthropoda
-1,00340825821444;Animalia;Arthropoda
-1,94295585225286;Animalia;Arthropoda
-2,62848603146998;Animalia;Arthropoda
-3,59391833495065;Animalia;Arthropoda
-3,70138067126318;Animalia;Arthropoda
-1,94295585225286;Animalia;Arthropoda
-1,91396831537961;Animalia;Arthropoda
-1,98663214529759;Animalia;Arthropoda
-2,06317222241992;Animalia;Arthropoda
-1,13858303658269;Animalia;Arthropoda
-2,78508993938903;Animalia;Arthropoda
-1,0266651203787;Animalia;Arthropoda
-2,44861770276781;Animalia;Arthropoda
-3,61274328737406;Animalia;Arthropoda
-2,66730690373264;Animalia;Arthropoda
-2,29126254652107;Animalia;Arthropoda
-0,7871851497448;Animalia;Arthropoda
-2,90292287717175;Animalia;Arthropoda
-3,13931165523598;Animalia;Arthropoda
-1,73164675858565;Animalia;Arthropoda
-1,0266651203787;Animalia;Arthropoda
-2,2097756966118;Animalia;Arthropoda
-2,17347951086469;Animalia;Arthropoda
-2,83638323377658;Animalia;Arthropoda
-0,98068000713688;Animalia;Arthropoda
3,09607898236874;Animalia;Arthropoda
-0,824925477727647;Animalia;Arthropoda
-3,66608926807935;Animalia;Arthropoda
-3,10652183241298;Animalia;Arthropoda
-2,22302092336182;Animalia;Arthropoda
-3,01414851228197;Animalia;Arthropoda
-0,617286112949403;Animalia;Arthropoda
-1,00340825821444;Animalia;Arthropoda
-2,80283941861476;Animalia;Arthropoda
-1,27966163484259;Animalia;Arthropoda
-0,793796784485895;Animalia;Arthropoda
-3,0747731340984;Animalia;Arthropoda
-2,17347951086469;Animalia;Arthropoda
-1,19265025785296;Animalia;Arthropoda
-2,21121983884754;Animalia;Arthropoda
-0,358201791240571;Animalia;Arthropoda
-2,33382216093987;Animalia;Arthropoda
-1,70811626117546;Animalia;Arthropoda
-0,406721343842053;Animalia;Arthropoda
-1,17885693572063;Animalia;Arthropoda
-2,30640253230087;Animalia;Arthropoda
-1,46198319163655;Animalia;Arthropoda
-0,991979562390813;Animalia;Arthropoda
-1,88654868674061;Animalia;Arthropoda
-3,74050068601935;Animalia;Arthropoda
-0,796487542407114;Animalia;Arthropoda
-1,24980867169291;Animalia;Arthropoda
-2,16990430029879;Animalia;Arthropoda
-1,19265025785296;Animalia;Arthropoda
-1,72469886354111;Animalia;Arthropoda
-2,1831073163005;Animalia;Arthropoda
-3,50082783275393;Animalia;Arthropoda
-2,85162958278419;Animalia;Arthropoda
-0,864146190880928;Animalia;Arthropoda
-0,724384248505769;Animalia;Arthropoda
-0,936716883715763;Animalia;Arthropoda
-0,991979562390813;Animalia;Arthropoda
-1,03849957802571;Animalia;Arthropoda
-1,00340825821444;Animalia;Arthropoda
-3,45281861356757;Animalia;Arthropoda
-0,95845687035217;Animalia;Arthropoda
-0,85419586002776;Animalia;Arthropoda
-1,12551095501534;Animalia;Arthropoda
-0,824925477727647;Animalia;Arthropoda
-1,05047576907242;Animalia;Arthropoda
-1,94538918676354;Animalia;Arthropoda
-1,15182826333271;Animalia;Arthropoda
-1,32618165047749;Animalia;Arthropoda
-1,84916115466899;Animalia;Arthropoda
-0,103340361847168;Animalia;Arthropoda
-1,15182826333271;Animalia;Arthropoda
-1,53749074414469;Animalia;Arthropoda
-1,07486722219658;Animalia;Arthropoda
-2,03532917238387;Animalia;Arthropoda
-1,35844251269571;Animalia;Arthropoda
-1,75574431016471;Animalia;Arthropoda
-3,0747731340984;Animalia;Arthropoda
-1,20608117426289;Animalia;Arthropoda
-0,513489319267759;Animalia;Arthropoda
-1,12551095501534;Animalia;Arthropoda
-4,08302201574913;Animalia;Arthropoda
-2,6361030328128;Animalia;Arthropoda
-2,21121983884754;Animalia;Arthropoda
-1,80575473073937;Animalia;Arthropoda
-0,254380619260034;Animalia;Arthropoda
-1,48033233030475;Animalia;Arthropoda
-1,64067498037992;Animalia;Arthropoda
-2,10202054688254;Animalia;Arthropoda
-6,54050903689813;Animalia;Arthropoda
-1,2066364998277;Animalia;Arthropoda
-1,53749074414469;Animalia;Arthropoda
-2,49745776906358;Animalia;Arthropoda
-2,36612176700249;Animalia;Arthropoda
-1,19265025785296;Animalia;Arthropoda
-0,344064909103611;Animalia;Arthropoda
-2,74827596626631;Animalia;Brachiopoda
-4,4213682237201;Animalia;Brachiopoda
-2,25004959574974;Animalia;Bryozoa
-0,936716883715763;Animalia;Bryozoa
-1,03849957802571;Animalia;Bryozoa
-2,9476088688868;Animalia;Bryozoa
-2,41337465185304;Animalia;Bryozoa
-1,46198319163655;Animalia;Bryozoa
-1,2066364998277;Animalia;Bryozoa
-0,609503972507348;Animalia;Bryozoa
-1,17885693572063;Animalia;Bryozoa
-1,26462375747805;Animalia;Bryozoa
-2,54214376077864;Animalia;Bryozoa
-1,53749074414469;Animalia;Bryozoa
-1,26462375747805;Animalia;Bryozoa
-1,51807265828759;Animalia;Bryozoa
-0,759786175556686;Animalia;Bryozoa
-1,23520987227176;Animalia;Bryozoa
-2,47576869183376;Animalia;Chaetognatha
-1,68512674295076;Animalia;Chaetognatha
-0,622207812006394;Animalia;Chordata
-1,27040003229013;Animalia;Chordata
1,26646363737331;Animalia;Chordata
1,1071531921792;Animalia;Chordata
-3,55876560661297;Animalia;Chordata
0,511856138134408;Animalia;Chordata
1,21654457019934;Animalia;Chordata
1,21529535079891;Animalia;Chordata
0,919245028676611;Animalia;Chordata
1,40797969462841;Animalia;Chordata
2,80860388130312;Animalia;Chordata
5,10996871789194;Animalia;Chordata
2,40313877319496;Animalia;Chordata
0,394314798729077;Animalia;Chordata
-0,864146190880928;Animalia;Chordata
0,391469846596846;Animalia;Chordata
-0,536621969791592;Animalia;Chordata
0,642150962633659;Animalia;Chordata
-0,654405005447975;Animalia;Chordata
-1,69124749649003;Animalia;Chordata
-0,819270271967355;Animalia;Chordata
2,61277690130936;Animalia;Chordata
1,42737795475369;Animalia;Chordata
0,908832893939421;Animalia;Chordata
1,07026957874865;Animalia;Chordata
-0,777144957216986;Animalia;Chordata
0,92092429019633;Animalia;Chordata
0,457609649101391;Animalia;Chordata
0,0661411493000843;Animalia;Chordata
-1,97834756379157;Animalia;Chordata
-1,30994515824327;Animalia;Chordata
0,409659364368583;Animalia;Chordata
1,75689263323165;Animalia;Chordata
0,845529153316313;Animalia;Chordata
0,554131216092014;Animalia;Chordata
-0,723397876934927;Animalia;Chordata
1,94525650448157;Animalia;Chordata
0,147454720797552;Animalia;Chordata
0,161895404952346;Animalia;Chordata
1,38080978927648;Animalia;Chordata
0,087733235328443;Animalia;Chordata
-1,11260755017943;Animalia;Chordata
-1,61916877515896;Animalia;Chordata
-2,12166842910153;Animalia;Chordata
-2,18380021020854;Animalia;Chordata
-1,29492910697338;Animalia;Chordata
0,24767092871971;Animalia;Chordata
3,09970996318723;Animalia;Chordata
3,21525079123104;Animalia;Chordata
4,51888597120253;Animalia;Chordata
3,75186501828504;Animalia;Chordata
4,44222108329248;Animalia;Chordata
2,0527188407941;Animalia;Chordata
1,83558131354011;Animalia;Chordata
-1,91121114381196;Animalia;Chordata
-1,42159307209433;Animalia;Chordata
-1,45458973373271;Animalia;Chordata
0,0498293977490096;Animalia;Chordata
2,5056705022849;Animalia;Chordata
0,423052763802694;Animalia;Chordata
1,3303248587231;Animalia;Chordata
1,76691931054885;Animalia;Chordata
-2,39539661220452;Animalia;Chordata
-0,0821809122507293;Animalia;Chordata
0,596671927806469;Animalia;Chordata
1,46822831438829;Animalia;Chordata
1,17560001939326;Animalia;Chordata
1,82407315302672;Animalia;Chordata
2,75604876359968;Animalia;Chordata
-1,71317377651563;Animalia;Chordata
1,04460163340681;Animalia;Chordata
-0,0771434131558326;Animalia;Chordata
-1,36148969430186;Animalia;Chordata
-3,73361959385712;Animalia;Chordata
1,25892903409271;Animalia;Chordata
-1,58459357564365;Animalia;Chordata
1,23876770698405;Animalia;Chordata
-1,30947015369386;Animalia;Chordata
-0,131379275684839;Animalia;Chordata
-2,49745776906358;Animalia;Chordata
-1,37497181464692;Animalia;Cnidaria
-1,00574947855772;Animalia;Cnidaria
-2,48498534693869;Animalia;Cnidaria
-0,884348898198447;Animalia;Cnidaria
-1,099868524402;Animalia;Cnidaria
-4,02218706722022;Animalia;Cnidaria
-3,13436488244904;Animalia;Cnidaria
-0,95845687035217;Animalia;Cnidaria
-1,13858303658269;Animalia;Cnidaria
-0,715726185762655;Animalia;Cnidaria
-0,815356026711497;Animalia;Cnidaria
-1,94295585225286;Animalia;Cnidaria
-0,0764049944831537;Animalia;Cnidaria
0,476104231737556;Animalia;Cnidaria
0,529620185077663;Animalia;Cnidaria
0,197110311243413;Animalia;Cnidaria
-0,0940379691848543;Animalia;Cnidaria
0,207437425399262;Animalia;Cnidaria
-0,316990407917407;Animalia;Cnidaria
0,323697231515125;Animalia;Cnidaria
-1,31043329350935;Animalia;Cnidaria
-0,824925477727647;Animalia;Cnidaria
-0,815356026711497;Animalia;Cnidaria
-1,24980867169291;Animalia;Cnidaria
-1,42554491640568;Animalia;Cnidaria
-2,37571183993148;Animalia;Cnidaria
0,0601127106424038;Animalia;Cnidaria
-1,23520987227176;Animalia;Cnidaria
-1,37497181464692;Animalia;Cnidaria
-1,17885693572063;Animalia;Cnidaria
-2,29201379484877;Animalia;Cnidaria
-1,4088733663226;Animalia;Cnidaria
-1,13858303658269;Animalia;Cnidaria
-1,78043692275508;Animalia;Cnidaria
-3,20830452672293;Animalia;Cnidaria
1,94439744360638;Animalia;Cnidaria
-3,78306030043815;Animalia;Cnidaria
-0,387912011884556;Animalia;Cnidaria
1,99791257520327;Animalia;Cnidaria
-0,571476576918108;Animalia;Ctenophora
0,869277701334163;Animalia;Ctenophora
2,58706814532446;Animalia;Ctenophora
-0,31602478237124;Animalia;Ctenophora
-3,55171079221501;Animalia;Ctenophora
-0,0848213140799308;Animalia;Ctenophora
-0,707142442071263;Animalia;Ctenophora
-1,00340825821444;Animalia;Ctenophora
0,495785909840001;Animalia;Ctenophora
-0,666213487208319;Animalia;Cycliophora
-0,936716883715763;Animalia;Echinodermata
-1,0266651203787;Animalia;Echinodermata
1,8605996754973;Animalia;Echinodermata
-0,926021594599016;Animalia;Echinodermata
-0,357328588512476;Animalia;Echinodermata
-1,24980867169291;Animalia;Echinodermata
-1,08728974219514;Animalia;Echinodermata
-1,61731039110076;Animalia;Echinodermata
-2,06811899520686;Animalia;Echinodermata
-1,06259712960477;Animalia;Echinodermata
-1,44396468613387;Animalia;Echinodermata
-1,34545468814624;Animalia;Echinodermata
-2,53317585166566;Animalia;Echinodermata
1,42129274327815;Animalia;Echinodermata
-0,936716883715763;Animalia;Echinodermata
-1,46198319163655;Animalia;Echinodermata
-2,01382497956513;Animalia;Echinodermata
-1,70811626117546;Animalia;Echinodermata
-2,69036143518807;Animalia;Echinodermata
-2,08616174064462;Animalia;Echinodermata
-1,80575473073937;Animalia;Echinodermata
-1,65696995339284;Animalia;Echinodermata
-2,85162958278419;Animalia;Echinodermata
-3,97411553720086;Animalia;Echinodermata
-1,12551095501534;Animalia;Echinodermata
-1,0266651203787;Animalia;Echinodermata
-1,12551095501534;Animalia;Echinodermata
-1,34218199182393;Animalia;Echinodermata
-1,37497181464692;Animalia;Echinodermata
-1,2066364998277;Animalia;Echinodermata
-1,8583984642248;Animalia;Hemichordata
-2,18380021020854;Animalia;Kinorhyncha
0,831608991439656;Animalia;Loricifera
-2,67848020433077;Animalia;Mollusca
-1,6626538870987;Animalia;Mollusca
-2,03532917238387;Animalia;Mollusca
-0,571476576918108;Animalia;Mollusca
-1,2726508778348;Animalia;Mollusca
-1,91396831537961;Animalia;Mollusca
-0,768836011076603;Animalia;Mollusca
-1,53749074414469;Animalia;Mollusca
-1,68512674295076;Animalia;Mollusca
-2,06811899520686;Animalia;Mollusca
-1,8583984642248;Animalia;Mollusca
-1,35844251269571;Animalia;Mollusca
-0,583174399317691;Animalia;Mollusca
1,39270537378648;Animalia;Mollusca
-2,15682964227371;Animalia;Mollusca
-3,70138067126318;Animalia;Mollusca
-1,17885693572063;Animalia;Mollusca
-2,06811899520686;Animalia;Mollusca
-3,92082112055571;Animalia;Mollusca
-0,631901719009043;Animalia;Mollusca
-1,22082113481966;Animalia;Mollusca
-2,83258472982448;Animalia;Mollusca
-0,518132024038131;Animalia;Mollusca
-2,17347951086469;Animalia;Mollusca
-4,20209162496736;Animalia;Mollusca
-0,377474980273968;Animalia;Mollusca
-1,18276841577111;Animalia;Mollusca
0,396805044325551;Animalia;Mollusca
-2,1608018492519;Animalia;Mollusca
0,88931548252326;Animalia;Mollusca
-1,30406707406818;Animalia;Mollusca
-1,42626510903447;Animalia;Mollusca
-1,8583984642248;Animalia;Mollusca
1,55533265358462;Animalia;Mollusca
-1,83173021714263;Animalia;Mollusca
-4,18221477732613;Animalia;Mollusca
-1,59811536596113;Animalia;Mollusca
-2,77930892120457;Animalia;Mollusca
0,784512434706453;Animalia;Mollusca
-1,88579743841291;Animalia;Mollusca
-0,750817505573925;Animalia;Mollusca
0,927613278347127;Animalia;Mollusca
-1,23520987227176;Animalia;Mollusca
-1,6626538870987;Animalia;Mollusca
-0,657132021496603;Animalia;Mollusca
-1,05047576907242;Animalia;Mollusca
0,949048559067192;Animalia;Mollusca
1,27238431778304;Animalia;Mollusca
-0,926021594599016;Animalia;Mollusca
1,02217220982375;Animalia;Mollusca
0,689779011622913;Animalia;Mollusca
0,990588077508515;Animalia;Mollusca
-0,478883790090284;Animalia;Mollusca
-0,492582634448445;Animalia;Mollusca
1,40694823502175;Animalia;Mollusca
1,61825732868895;Animalia;Mollusca
-0,753611655531423;Animalia;Mollusca
1,24606700946566;Animalia;Mollusca
0,534570690237519;Animalia;Mollusca
-4,77616919630908;Animalia;Mollusca
0,317581004497688;Animalia;Mollusca
-0,325900938475939;Animalia;Mollusca
0,934257821065795;Animalia;Mollusca
1,1291926517455;Animalia;Mollusca
0,708627737181581;Animalia;Mollusca
1,38398271631706;Animalia;Mollusca
-0,257339366505765;Animalia;Mollusca
-0,1469182829475;Animalia;Mollusca
3,8873728914423;Animalia;Mollusca
0,939212414190479;Animalia;Mollusca
0,921705902870058;Animalia;Mollusca
1,05717848270177;Animalia;Mollusca
-3,04400147543165;Animalia;Mollusca
0,63324221774455;Animalia;Mollusca
0,942501890840878;Animalia;Mollusca
0,706550893236741;Animalia;Mollusca
1,30032559998348;Animalia;Mollusca
-0,602972831815705;Animalia;Mollusca
-0,681824634086974;Animalia;Mollusca
0,927613278347127;Animalia;Mollusca
1,08461702715679;Animalia;Mollusca
-2,36612176700249;Animalia;Mollusca
-2,42963517272482;Animalia;Mollusca
-2,22302092336182;Animalia;Mollusca
-1,11260755017943;Animalia;Mollusca
-0,991979562390813;Animalia;Mollusca
-1,55729337144087;Animalia;Mollusca
-1,08728974219514;Animalia;Mollusca
-0,327652820366359;Animalia;Mollusca
-1,78043692275508;Animalia;Mollusca
-2,13378978963388;Animalia;Nematoda
-1,19265025785296;Animalia;Nematoda
-1,64266923694722;Animalia;Nematoda
-2,13711186669381;Animalia;Nematoda
-1,83173021714263;Animalia;Nematoda
-2,29126254652107;Animalia;Nematoda
-1,37497181464692;Animalia;Nematoda
-1,57986791566266;Animalia;Nematomorpha
-1,31043329350935;Animalia;Nemertea
-1,03849957802571;Animalia;Nemertea
-2,66930802599024;Animalia;Nemertea
-2,34683500845787;Animalia;Platyhelminthes
0,782001397099263;Animalia;Platyhelminthes
-3,10451844530812;Animalia;Platyhelminthes
1,18614462794951;Animalia;Platyhelminthes
0,947415905643306;Animalia;Platyhelminthes
-1,55729337144087;Animalia;Platyhelminthes
-2,33581641750717;Animalia;Platyhelminthes
-3,81946862629542;Animalia;Platyhelminthes
-2,83638323377658;Animalia;Platyhelminthes
-3,33847517757381;Animalia;Platyhelminthes
-1,91396831537961;Animalia;Platyhelminthes
-2,98516097540872;Animalia;Platyhelminthes
-1,22082113481966;Animalia;Platyhelminthes
-0,95845687035217;Animalia;Platyhelminthes
-3,21587285548148;Animalia;Platyhelminthes
-1,53749074414469;Animalia;Platyhelminthes
-2,02545301756025;Animalia;Platyhelminthes
-2,96394992502618;Animalia;Porifera
-0,969506706538755;Animalia;Porifera
-0,777968494639876;Animalia;Porifera
-0,0487813775967334;Animalia;Porifera
-0,287532826576935;Animalia;Porifera
-0,768836011076603;Animalia;Porifera
0,204006890302473;Animalia;Porifera
-0,527673954259716;Animalia;Porifera
-1,16061168335767;Animalia;Porifera
-1,16525128366485;Animalia;Porifera
-0,46537007092356;Animalia;Porifera
-1,4990244633169;Animalia;Porifera
-3,661765354235;Animalia;Porifera
-0,750817505573925;Animalia;Porifera
-0,741928558156679;Animalia;Porifera
-2,17106118443111;Animalia;Porifera
-0,7871851497448;Animalia;Porifera
-0,707142442071263;Animalia;Porifera
-1,0266651203787;Animalia;Porifera
-4,49106505469396;Animalia;Porifera
-1,31043329350935;Animalia;Porifera
-0,85419586002776;Animalia;Porifera
-1,94538918676354;Animalia;Porifera
-0,7871851497448;Animalia;Porifera
-0,844343563584749;Animalia;Porifera
-0,506471746609113;Animalia;Porifera
-1,22082113481966;Animalia;Porifera
-1,06259712960477;Animalia;Porifera
-1,52520950312479;Animalia;Priapulida
-3,01149703523734;Animalia;Priapulida
0,0836432080525977;Animalia;Priapulida
0,529620185077663;Animalia;Priapulida
-4,97836863559171;Animalia;Rotifera
-4,52201015133908;Animalia;Tardigrada
-3,70599181466899;Plantae;Rhodophyta
-0,972164533137034;Plantae;Rhodophyta
-1,27581458757526;Plantae;Rhodophyta
-1,04484438251117;Plantae;Rhodophyta
-2,00589963063124;Plantae;Rhodophyta
-3,31731435188198;Plantae;Rhodophyta
-1,78043692275508;Animalia;Arthropoda
-3,83214346433235;Animalia;Arthropoda
2,14286278656984;Animalia;Chordata
-1,62876548914004;Animalia;Chordata
-2,32366570557447;Animalia;Chordata
-0,177164613071822;Animalia;Chordata
-0,9548773547719;Animalia;Chordata
-0,167086407416685;Animalia;Chordata
1,19269426391533;Animalia;Chordata
1,3467461398701;Animalia;Chordata
0,905756470870944;Animalia;Chordata
2,71737459966047;Animalia;Chordata
3,400067907722;Animalia;Chordata
1,09095816400831;Animalia;Chordata
1,42090465317258;Animalia;Chordata
2,31286718427784;Animalia;Chordata
0,212375245976586;Animalia;Chordata
1,31338802308266;Animalia;Chordata
0,319750993378698;Animalia;Chordata
-0,276940719465205;Animalia;Chordata
-1,44383561703578;Animalia;Chordata
-0,205131728159738;Animalia;Chordata
0,0970303479768084;Animalia;Chordata
2,94599252041046;Animalia;Chordata
0,354740923123352;Animalia;Chordata
0,360067308043464;Animalia;Chordata
1,81217407502797;Animalia;Chordata
2,02158238630416;Animalia;Chordata
-0,058471021722756;Animalia;Chordata
0,68213940469631;Animalia;Chordata
2,75273633255948;Animalia;Chordata
-0,0917289166670656;Animalia;Chordata
-0,33540550590115;Animalia;Chordata
-0,0842343329836055;Animalia;Chordata
-0,0316042410372912;Animalia;Chordata
1,72593889892318;Animalia;Chordata
1,7643279646393;Animalia;Chordata
2,21905054626796;Animalia;Chordata
2,11660110524229;Animalia;Chordata
4,04789722845047;Animalia;Chordata
-0,702357445354975;Animalia;Chordata
0,0405351517439048;Animalia;Chordata
-1,20718747637702;Animalia;Chordata
1,82113177455157;Animalia;Chordata
-0,833435054307136;Animalia;Chordata
-0,620025636371905;Animalia;Chordata
0,521900252183965;Animalia;Chordata
-1,04623338219216;Animalia;Chordata
2,58732277837976;Animalia;Chordata
1,6001499075238;Animalia;Chordata
4,65177943548264;Animalia;Chordata
3,1954084485869;Animalia;Chordata
0,618293792516837;Animalia;Chordata
1,2926081352854;Animalia;Chordata
-1,05571210340748;Animalia;Chordata
2,36092307759975;Animalia;Chordata
0,127141745987098;Animalia;Chordata
1,38924223472396;Animalia;Chordata
0,216408261627315;Animalia;Chordata
-0,990674715139066;Animalia;Chordata
-1,4716048346779;Animalia;Platyhelminthes
-2,4247939391456;Animalia;Arthropoda
2,10787421008692;Animalia;Chordata
0,483926957418765;Animalia;Acanthocephala
-2,92959112425391;Animalia;Acanthocephala
-1,17885693572063;Animalia;Acanthocephala
-0,991979562390813;Animalia;Acanthocephala
-2,03532917238387;Animalia;Annelida
4,37467886637742;Animalia;Annelida
0,0758610676105427;Animalia;Arthropoda
0,0963843275698268;Animalia;Arthropoda
-5,46931637686902;Animalia;Arthropoda
-0,0711536753512672;Animalia;Arthropoda
0,71894774621357;Animalia;Arthropoda
0,332654797314387;Animalia;Arthropoda
-0,534842443738328;Animalia;Arthropoda
-0,375566176062257;Animalia;Arthropoda
-0,0756888305166576;Animalia;Arthropoda
-5,46931637686902;Animalia;Arthropoda
-0,98068000713688;Animalia;Arthropoda
-0,186112648131031;Animalia;Arthropoda
-0,131778297167702;Animalia;Arthropoda
-0,7871851497448;Animalia;Arthropoda
0,172590694069094;Animalia;Arthropoda
-1,47791400387116;Animalia;Arthropoda
-1,74471849130139;Animalia;Arthropoda
-0,916491530710792;Animalia;Arthropoda
-0,641002639566718;Animalia;Arthropoda
-0,270819345603194;Animalia;Arthropoda
-1,89611813775676;Animalia;Arthropoda
-0,864146190880928;Animalia;Arthropoda
-0,7871851497448;Animalia;Arthropoda
0,476104231737556;Animalia;Arthropoda
4,0331710845181;Animalia;Arthropoda
-4,77616919630908;Animalia;Arthropoda
-0,578967248647266;Animalia;Arthropoda
-0,947527799819979;Animalia;Arthropoda
-0,750817505573925;Animalia;Arthropoda
0,377122398188705;Animalia;Arthropoda
-0,534842443738328;Animalia;Arthropoda
0,541950797535142;Animalia;Arthropoda
-0,43236377445539;Animalia;Arthropoda
-0,0355943733147797;Animalia;Arthropoda
-1,00340825821444;Animalia;Arthropoda
-0,936716883715763;Animalia;Arthropoda
-0,715726185762655;Animalia;Arthropoda
-1,03849957802571;Animalia;Arthropoda
-2,73629977521959;Animalia;Arthropoda
-0,723397876934927;Animalia;Arthropoda
-0,0225790052027097;Animalia;Arthropoda
-2,98516097540872;Animalia;Arthropoda
-7,77058585691598;Animalia;Arthropoda
-1,70811626117546;Animalia;Arthropoda
-1,80575473073937;Animalia;Arthropoda
-1,95921251665859;Animalia;Arthropoda
-2,3782739235107;Animalia;Arthropoda
-1,22082113481966;Animalia;Arthropoda
-0,191201717638503;Animalia;Arthropoda
-1,76982441243247;Animalia;Arthropoda
-1,29492910697338;Animalia;Arthropoda
0,217658979470801;Animalia;Arthropoda
-1,35844251269571;Animalia;Arthropoda
-2,06811899520686;Animalia;Arthropoda
-2,3782739235107;Animalia;Arthropoda
-4,25860724721133;Animalia;Arthropoda
-6,55250763094188;Animalia;Arthropoda
-5,28415020338598;Animalia;Arthropoda
-1,75574431016471;Animalia;Arthropoda
-2,8843138782149;Animalia;Arthropoda
-4,05560238711013;Animalia;Arthropoda
0,231127196521667;Animalia;Arthropoda
0,193644103266926;Animalia;Arthropoda
0,483926957418765;Animalia;Arthropoda
0,11793228153123;Animalia;Arthropoda
0,125395002732819;Animalia;Arthropoda
1,64707776722445;Animalia;Arthropoda
-2,99272930416727;Animalia;Arthropoda
-3,0747731340984;Animalia;Arthropoda
-3,49598659917471;Animalia;Arthropoda
-3,55619866141868;Animalia;Arthropoda
-2,57894461897286;Animalia;Arthropoda
-3,94824074919471;Animalia;Arthropoda
-2,25044055200082;Animalia;Arthropoda
-2,21121983884754;Animalia;Arthropoda
-2,13711186669381;Animalia;Arthropoda
-2,29126254652107;Animalia;Arthropoda
-2,4247939391456;Animalia;Arthropoda
-4,17138430050892;Animalia;Arthropoda
-3,32163321202993;Animalia;Arthropoda
-2,33382216093987;Animalia;Arthropoda
-0,00125623573388811;Animalia;Arthropoda
-3,15815300572811;Animalia;Arthropoda
-5,46931637686902;Animalia;Arthropoda
-2,62867254043816;Animalia;Arthropoda
0,276886813671133;Animalia;Arthropoda
0,11793228153123;Animalia;Arthropoda
-1,19265025785296;Animalia;Arthropoda
2,55699852680371;Animalia;Arthropoda
-1,78043692275508;Animalia;Arthropoda
-1,75574431016471;Animalia;Arthropoda
-1,83173021714263;Animalia;Arthropoda
-2,53111375486715;Animalia;Arthropoda
-2,29201379484877;Animalia;Arthropoda
-2,10202054688254;Animalia;Arthropoda
-1,75574431016471;Animalia;Arthropoda
-1,91396831537961;Animalia;Arthropoda
-2,02964953038128;Animalia;Arthropoda
-2,89045045504685;Animalia;Arthropoda
-0,0482692018776598;Animalia;Arthropoda
-1,73164675858565;Animalia;Arthropoda
-4,93107112446403;Animalia;Arthropoda
-4,93107112446403;Animalia;Arthropoda
-3,85987846443492;Animalia;Arthropoda
-1,80575473073937;Animalia;Arthropoda
-4,37070408820091;Animalia;Arthropoda
0,0261633929051097;Animalia;Arthropoda
-2,17347951086469;Animalia;Arthropoda
-2,03532917238387;Animalia;Arthropoda
-2,21121983884754;Animalia;Arthropoda
-4,08302201574913;Animalia;Arthropoda
-1,51807265828759;Animalia;Arthropoda
-3,07142110407065;Animalia;Arthropoda
-1,97280881540254;Animalia;Arthropoda
-0,844343563584749;Animalia;Arthropoda
-2,3782739235107;Animalia;Arthropoda
-3,32163321202993;Animalia;Arthropoda
-3,90145170728287;Animalia;Arthropoda
-1,17885693572063;Animalia;Arthropoda
-1,3917789329633;Animalia;Arthropoda
-2,33382216093987;Animalia;Arthropoda
-3,97555967943659;Animalia;Arthropoda
-0,248960551790695;Animalia;Arthropoda
-0,724384248505769;Animalia;Arthropoda
-1,97280881540254;Animalia;Arthropoda
-1,57749607875839;Animalia;Arthropoda
-1,94295585225286;Animalia;Arthropoda
-2,06811899520686;Animalia;Arthropoda
0,250463828351637;Animalia;Arthropoda
-1,8583984642248;Animalia;Arthropoda
-0,131778297167702;Animalia;Arthropoda
-2,10202054688254;Animalia;Arthropoda
-0,743718867799084;Animalia;Arthropoda
-1,42626510903447;Animalia;Arthropoda
-2,17347951086469;Animalia;Arthropoda
0,0758610676105427;Animalia;Arthropoda
2,25158887506776;Animalia;Arthropoda
-1,61916877515896;Animalia;Arthropoda
0,657552807245166;Animalia;Arthropoda
-2,10202054688254;Animalia;Arthropoda
-0,19311982724212;Animalia;Arthropoda
-2,25044055200082;Animalia;Arthropoda
-0,0894190233285599;Animalia;Arthropoda
0,338826113111424;Animalia;Arthropoda
3,36487494133305;Animalia;Arthropoda
0,589806818712777;Animalia;Arthropoda
1,1848361433142;Animalia;Arthropoda
-0,768836011076603;Animalia;Arthropoda
3,0176237713762;Animalia;Arthropoda
-0,198387618176979;Animalia;Arthropoda
-1,6352342584597;Animalia;Arthropoda
2,26432987790373;Animalia;Arthropoda
3,32944020599082;Animalia;Arthropoda
-0,945797657296292;Animalia;Arthropoda
-0,0711536753512672;Animalia;Arthropoda
0,90022467049113;Animalia;Arthropoda
-0,571476576918108;Animalia;Arthropoda
-2,00358047406929;Animalia;Arthropoda
-2,13711186669381;Animalia;Arthropoda
-0,31602478237124;Animalia;Arthropoda
1,68196694446943;Animalia;Arthropoda
-2,05187266716599;Animalia;Arthropoda
5,09595742984382;Animalia;Arthropoda
-1,8583984642248;Animalia;Arthropoda
-1,8583984642248;Animalia;Arthropoda
0,519645040020844;Animalia;Arthropoda
-1,06259712960477;Animalia;Arthropoda
-0,926021594599016;Animalia;Arthropoda
-1,6626538870987;Animalia;Arthropoda
-1,32618165047749;Animalia;Arthropoda
-0,87419652673443;Animalia;Arthropoda
-1,6626538870987;Animalia;Arthropoda
-3,13931165523598;Animalia;Arthropoda
-1,26664697533588;Animalia;Arthropoda
0,457609649101391;Animalia;Arthropoda
-0,698631752403355;Animalia;Arthropoda
-1,19265025785296;Animalia;Arthropoda
-1,06259712960477;Animalia;Arthropoda
-0,578967248647266;Animalia;Arthropoda
0,15108448884813;Animalia;Arthropoda
-2,57894461897286;Animalia;Arthropoda
-2,4247939391456;Animalia;Arthropoda
-1,70811626117546;Animalia;Arthropoda
-1,53749074414469;Animalia;Arthropoda
-1,59811536596113;Animalia;Arthropoda
-1,57749607875839;Animalia;Arthropoda
-1,60603510376744;Animalia;Arthropoda
-1,27966163484259;Animalia;Arthropoda
-1,13858303658269;Animalia;Arthropoda
-0,844343563584749;Animalia;Arthropoda
-4,02893400679883;Animalia;Arthropoda
-2,21121983884754;Animalia;Arthropoda
-4,24024310046604;Animalia;Arthropoda
-2,21121983884754;Animalia;Arthropoda
-2,71186764040904;Animalia;Arthropoda
-2,03532917238387;Animalia;Arthropoda
-1,20611123443963;Animalia;Arthropoda
-1,42626510903447;Animalia;Arthropoda
-2,47358410331503;Animalia;Arthropoda
-0,926021594599016;Animalia;Arthropoda
-2,25044055200082;Animalia;Arthropoda
-2,42963517272482;Animalia;Arthropoda
-1,64067498037992;Animalia;Arthropoda
-2,25044055200082;Animalia;Arthropoda
-1,90279116394349;Animalia;Arthropoda
-1,03849957802571;Animalia;Arthropoda
-0,478883790090284;Animalia;Arthropoda
-0,657132021496603;Animalia;Arthropoda
-0,369449949044821;Animalia;Arthropoda
-1,05047576907242;Animalia;Arthropoda
-1,88579743841291;Animalia;Arthropoda
-1,31043329350935;Animalia;Arthropoda
-0,641002639566718;Animalia;Arthropoda
-2,62848603146998;Animalia;Arthropoda
-2,21121983884754;Animalia;Arthropoda
-0,329908959873478;Animalia;Arthropoda
-0,969506706538755;Animalia;Arthropoda
-2,33382216093987;Animalia;Arthropoda
-2,33382216093987;Animalia;Arthropoda
-1,34218199182393;Animalia;Arthropoda
-1,08728974219514;Animalia;Arthropoda
-0,182666770390031;Animalia;Arthropoda
-2,03532917238387;Animalia;Arthropoda
-0,894605398365637;Animalia;Arthropoda
0,267255920610173;Animalia;Arthropoda
-1,4088733663226;Animalia;Arthropoda
-2,87694739076848;Animalia;Arthropoda
-2,47576869183376;Animalia;Arthropoda
-0,458681082772764;Animalia;Arthropoda
-0,485709755160683;Animalia;Arthropoda
-1,93600795720832;Animalia;Arthropoda
-0,23287441403907;Animalia;Arthropoda
-0,7871851497448;Animalia;Arthropoda
-1,44396468613387;Animalia;Arthropoda
-2,31941537981887;Animalia;Arthropoda
-0,759786175556686;Animalia;Arthropoda
-1,27781884799325;Animalia;Arthropoda
-1,44396468613387;Animalia;Arthropoda
-0,363370902968439;Animalia;Arthropoda
-3,42204695490082;Animalia;Arthropoda
-2,06811899520686;Animalia;Arthropoda
1,03497179666763;Animalia;Arthropoda
-2,16796953968853;Animalia;Arthropoda
-1,91396831537961;Animalia;Arthropoda
-2,13711186669381;Animalia;Arthropoda
-1,94295585225286;Animalia;Arthropoda
-3,06840691465724;Animalia;Arthropoda
-1,2706915802568;Animalia;Arthropoda
-2,10202054688254;Animalia;Arthropoda
0,215787914154964;Animalia;Arthropoda
1,41414620954407;Animalia;Arthropoda
-1,59811536596113;Animalia;Arthropoda
-6,43960186981943;Animalia;Arthropoda
-2,17347951086469;Animalia;Arthropoda
-2,21121983884754;Animalia;Arthropoda
-2,10202054688254;Animalia;Arthropoda
-2,57894461897286;Animalia;Arthropoda
-2,17347951086469;Animalia;Arthropoda
-1,3917789329633;Animalia;Arthropoda
-2,29126254652107;Animalia;Arthropoda
-2,47358410331503;Animalia;Arthropoda
-2,90436701940748;Animalia;Arthropoda
0,60310856580599;Animalia;Arthropoda
-2,21121983884754;Animalia;Arthropoda
-2,3782739235107;Animalia;Arthropoda
-2,25044055200082;Animalia;Arthropoda
-2,4247939391456;Animalia;Arthropoda
-2,3782739235107;Animalia;Arthropoda
-2,10202054688254;Animalia;Arthropoda
-0,176011552144527;Animalia;Arthropoda
-0,329554495308772;Animalia;Arthropoda
0,399980536264755;Animalia;Arthropoda
-2,21121983884754;Animalia;Arthropoda
-0,9287919490234;Animalia;Arthropoda
-1,19817478493332;Animalia;Arthropoda
-3,54696135186287;Animalia;Arthropoda
-0,238207760014433;Animalia;Arthropoda
-2,21396411382014;Animalia;Arthropoda
-5,46931637686902;Animalia;Arthropoda
-0,0666389949967403;Animalia;Arthropoda
1,05571328097444;Animalia;Arthropoda
4,43011295220625;Animalia;Arthropoda
-0,915439485268479;Animalia;Arthropoda
0,320643794028234;Animalia;Arthropoda
-0,991979562390813;Animalia;Arthropoda
-0,864146190880928;Animalia;Arthropoda
-2,19670361504445;Animalia;Arthropoda
-2,42218444569966;Animalia;Arthropoda
-3,17742521611621;Animalia;Arthropoda
-0,947527799819979;Animalia;Arthropoda
1,4582415294093;Animalia;Arthropoda
-2,99370407896783;Animalia;Arthropoda
-1,0940720399625;Animalia;Arthropoda
-1,15182826333271;Animalia;Arthropoda
-1,099868524402;Animalia;Arthropoda
1,39553140110184;Animalia;Arthropoda
-1,23520987227176;Animalia;Arthropoda
-2,99173742998307;Animalia;Arthropoda
-0,274600012279501;Animalia;Arthropoda
-2,29201379484877;Animalia;Arthropoda
-1,08518792154043;Animalia;Arthropoda
-1,89925841499958;Animalia;Arthropoda
-1,57749607875839;Animalia;Arthropoda
1,1809626717184;Animalia;Arthropoda
-2,91862133201355;Animalia;Arthropoda
-3,21587285548148;Animalia;Arthropoda
3,22919787100759;Animalia;Arthropoda
-1,80575473073937;Animalia;Arthropoda
-1,51807265828759;Animalia;Arthropoda
0,971630163763901;Animalia;Arthropoda
-1,16525128366485;Animalia;Arthropoda
-0,95845687035217;Animalia;Arthropoda
-1,15182826333271;Animalia;Arthropoda
-1,73164675858565;Animalia;Arthropoda
-0,750817505573925;Animalia;Arthropoda
-1,68512674295076;Animalia;Arthropoda
1,45529601917954;Animalia;Arthropoda
-1,98663214529759;Animalia;Arthropoda
0,186675433950833;Animalia;Arthropoda
-2,48498534693869;Animalia;Arthropoda
-1,2066364998277;Animalia;Arthropoda
1,72811897722757;Animalia;Arthropoda
-0,884348898198447;Animalia;Arthropoda
-0,681824634086974;Animalia;Arthropoda
1,3744335721372;Animalia;Arthropoda
-5,46931637686902;Animalia;Arthropoda
-2,17347951086469;Animalia;Arthropoda
-1,59886661428883;Animalia;Arthropoda
-3,2446721708938;Animalia;Arthropoda
0,962014705064459;Animalia;Arthropoda
-1,78691884579177;Animalia;Arthropoda
-1,31043329350935;Animalia;Arthropoda
-1,55729337144087;Animalia;Arthropoda
-0,7871851497448;Animalia;Arthropoda
-2,00358047406929;Animalia;Arthropoda
0,786433664884347;Animalia;Arthropoda
-1,31043329350935;Animalia;Arthropoda
1,16531698099267;Animalia;Arthropoda
1,96965521552684;Animalia;Arthropoda
-0,163782088999504;Animalia;Arthropoda
0,897154070862419;Animalia;Arthropoda
2,47019888379339;Animalia;Arthropoda
0,335818592047469;Animalia;Arthropoda
0,38000840307784;Animalia;Arthropoda
1,39134729457927;Animalia;Arthropoda
1,17447335627865;Animalia;Arthropoda
-1,37497181464692;Animalia;Arthropoda
-0,715726185762655;Animalia;Arthropoda
-1,2066364998277;Animalia;Arthropoda
-1,22082113481966;Animalia;Arthropoda
0,311427138923309;Animalia;Arthropoda
-0,527673954259716;Animalia;Arthropoda
-1,26462375747805;Animalia;Arthropoda
1,54279891743736;Animalia;Arthropoda
-1,51807265828759;Animalia;Arthropoda
-1,35844251269571;Animalia;Arthropoda
-1,23520987227176;Animalia;Arthropoda
1,45234180728211;Animalia;Arthropoda
0,716892247031474;Animalia;Arthropoda
-0,947527799819979;Animalia;Arthropoda
-2,10202054688254;Animalia;Arthropoda
1,89649646034045;Animalia;Arthropoda
0,737259549855908;Animalia;Arthropoda
1,1692514122975;Animalia;Arthropoda
-1,44396468613387;Animalia;Arthropoda
0,430580976713472;Animalia;Arthropoda
1,17966817315576;Animalia;Arthropoda
1,47958084544429;Animalia;Arthropoda
-0,969506706538755;Animalia;Arthropoda
1,95218652291771;Animalia;Arthropoda
0,840601901357497;Animalia;Arthropoda
-1,03849957802571;Animalia;Arthropoda
0,210856232148048;Animalia;Arthropoda
-0,0711536753512672;Animalia;Arthropoda
-1,06259712960477;Animalia;Arthropoda
-0,844343563584749;Animalia;Arthropoda
-1,21749905775972;Animalia;Arthropoda
0,227777109636385;Animalia;Arthropoda
-1,70811626117546;Animalia;Arthropoda
-1,12551095501534;Animalia;Arthropoda
-1,26462375747805;Animalia;Arthropoda
-2,17347951086469;Animalia;Arthropoda
-2,58126377553481;Animalia;Arthropoda
0,878072832786991;Animalia;Arthropoda
2,38707046694534;Animalia;Arthropoda
2,48716042116776;Animalia;Arthropoda
0,499391183116346;Animalia;Arthropoda
1,4574902810816;Animalia;Arthropoda
0,478718612311626;Animalia;Arthropoda
-1,29492910697338;Animalia;Arthropoda
0,958788895815577;Animalia;Arthropoda
-1,11260755017943;Animalia;Arthropoda
0,303240912108094;Animalia;Arthropoda
0,197110311243413;Animalia;Arthropoda
1,79681240268743;Animalia;Arthropoda
0,92594522124643;Animalia;Arthropoda
2,311822132976;Animalia;Arthropoda
1,85780691539027;Animalia;Arthropoda
-1,11260755017943;Animalia;Arthropoda
1,16908577141169;Animalia;Arthropoda
-1,08728974219514;Animalia;Arthropoda
-0,864146190880928;Animalia;Arthropoda
0,693998427165622;Animalia;Arthropoda
-4,97836863559171;Animalia;Arthropoda
-3,24917235340211;Animalia;Arthropoda
-0,859018132553377;Animalia;Arthropoda
-1,64266923694722;Animalia;Arthropoda
-0,815356026711497;Animalia;Arthropoda
-1,19265025785296;Animalia;Arthropoda
-0,657132021496603;Animalia;Arthropoda
-2,05187266716599;Animalia;Arthropoda
-0,915439485268479;Animalia;Arthropoda
-0,904968185401184;Animalia;Arthropoda
0,36841407029692;Animalia;Arthropoda
-0,228774227745216;Animalia;Arthropoda
1,25451606395219;Animalia;Arthropoda
2,1169799302837;Animalia;Arthropoda
0,341824616107681;Animalia;Arthropoda
1,43543439309282;Animalia;Arthropoda
1,68178425613561;Animalia;Arthropoda
1,26344491977658;Animalia;Arthropoda
1,30946852081616;Animalia;Arthropoda
-1,35844251269571;Animalia;Arthropoda
1,70999159263501;Animalia;Arthropoda
1,41414620954407;Animalia;Arthropoda
1,67192874548147;Animalia;Arthropoda
-1,70422712994665;Animalia;Arthropoda
-2,09412359996637;Animalia;Arthropoda
-1,48033233030475;Animalia;Arthropoda
-0,750817505573925;Animalia;Arthropoda
-0,95845687035217;Animalia;Arthropoda
0,234466097787181;Animalia;Arthropoda
-1,19265025785296;Animalia;Arthropoda
-2,35387609215383;Animalia;Arthropoda
-1,76982441243247;Animalia;Arthropoda
-1,27966163484259;Animalia;Arthropoda
0,606029654219665;Animalia;Arthropoda
-1,13858303658269;Animalia;Arthropoda
-1,41654505749487;Animalia;Arthropoda
0,430580976713472;Animalia;Arthropoda
-1,24980867169291;Animalia;Arthropoda
0,129105582129355;Animalia;Arthropoda
-1,51807265828759;Animalia;Arthropoda
1,26102680051982;Animalia;Arthropoda
-3,1230653271951;Animalia;Arthropoda
-2,48006602635171;Animalia;Arthropoda
2,3750901729163;Animalia;Arthropoda
-2,52272567492153;Animalia;Arthropoda
2,8765676089665;Animalia;Arthropoda
0,556549596956295;Animalia;Arthropoda
-1,4088733663226;Animalia;Arthropoda
-0,991979562390813;Animalia;Arthropoda
-1,099868524402;Animalia;Arthropoda
-3,19803455461845;Animalia;Arthropoda
-1,07486722219658;Animalia;Arthropoda
-2,74827596626631;Animalia;Arthropoda
-0,777968494639876;Animalia;Arthropoda
-0,333517939818758;Animalia;Arthropoda
-1,91553622361386;Animalia;Arthropoda
0,790265087195904;Animalia;Arthropoda
-0,321821900055567;Animalia;Arthropoda
-1,05564923456023;Animalia;Arthropoda
0,106632726277296;Animalia;Arthropoda
-5,46931637686902;Animalia;Arthropoda
-4,31586483092291;Animalia;Arthropoda
-5,6581218285317;Animalia;Arthropoda
-4,95552642944981;Animalia;Arthropoda
-5,46931637686902;Animalia;Arthropoda
-1,91396831537961;Animalia;Arthropoda
-2,10202054688254;Animalia;Arthropoda
1,75503947932763;Animalia;Arthropoda
-2,80022992516882;Animalia;Arthropoda
-2,19116712562694;Animalia;Arthropoda
-5,46931637686902;Animalia;Arthropoda
-5,46931637686902;Animalia;Arthropoda
-5,46931637686902;Animalia;Arthropoda
-5,46931637686902;Animalia;Arthropoda
-5,46931637686902;Animalia;Arthropoda
-1,4088733663226;Animalia;Arthropoda
-4,02818275847113;Animalia;Arthropoda
-1,97280881540254;Animalia;Arthropoda
-3,17321320691166;Animalia;Arthropoda
-4,29298706309809;Animalia;Arthropoda
-4,03162235813376;Animalia;Arthropoda
-2,33382216093987;Animalia;Arthropoda
-2,47358410331503;Animalia;Arthropoda
-2,33382216093987;Animalia;Arthropoda
-4,07607412070459;Animalia;Arthropoda
-2,25044055200082;Animalia;Arthropoda
-3,65013727900197;Animalia;Arthropoda
-0,81797758268311;Animalia;Arthropoda
-4,40276855597258;Animalia;Arthropoda
-3,40591645836935;Animalia;Arthropoda
-2,21121983884754;Animalia;Arthropoda
-5,46931637686902;Animalia;Arthropoda
-1,12551095501534;Animalia;Arthropoda
-0,936716883715763;Animalia;Arthropoda
-1,13858303658269;Animalia;Arthropoda
-1,11260755017943;Animalia;Arthropoda
-0,824925477727647;Animalia;Arthropoda
-1,4088733663226;Animalia;Arthropoda
-1,08728974219514;Animalia;Arthropoda
-2,12166842910153;Animalia;Arthropoda
-1,4990244633169;Animalia;Arthropoda
-1,32618165047749;Animalia;Arthropoda
0,575688937166992;Animalia;Arthropoda
-1,79557690853488;Animalia;Arthropoda
-0,991979562390813;Animalia;Arthropoda
-2,19670361504445;Animalia;Arthropoda
-1,22082113481966;Animalia;Arthropoda
-0,681824634086974;Animalia;Arthropoda
-1,35844251269571;Animalia;Arthropoda
-2,29201379484877;Animalia;Arthropoda
-0,824925477727647;Animalia;Arthropoda
-4,00078378428302;Animalia;Arthropoda
-1,7613855437866;Animalia;Arthropoda
1,88938182611531;Animalia;Arthropoda
-1,73164675858565;Animalia;Arthropoda
-2,00358047406929;Animalia;Arthropoda
1,84249876118264;Animalia;Chordata
2,93403599812346;Animalia;Chordata
1,32659646341861;Animalia;Chordata
1,78344604118417;Animalia;Chordata
1,96847874480291;Animalia;Chordata
1,93739435330862;Animalia;Chordata
2,29072430401136;Animalia;Chordata
2,33697291239801;Animalia;Chordata
2,04220827152185;Animalia;Chordata
-1,73312649021145;Animalia;Chordata
1,97083030379367;Animalia;Chordata
1,98134441934252;Animalia;Chordata
2,40542274830279;Animalia;Chordata
2,09837067277471;Animalia;Chordata
2,74920120062057;Animalia;Chordata
2,30048461913488;Animalia;Chordata
2,00914981757952;Animalia;Chordata
5,16579359927884;Animalia;Chordata
-0,953226658448537;Animalia;Chordata
2,36744840639505;Animalia;Chordata
2,84576063042508;Animalia;Chordata
2,38816441007351;Animalia;Chordata
4,88565956414581;Animalia;Chordata
2,33273614725714;Animalia;Chordata
2,38253018770087;Animalia;Chordata
-0,44836134875135;Animalia;Chordata
3,11396369064933;Animalia;Chordata
6,83882126748226;Animalia;Chordata
2,61317945090037;Animalia;Chordata
1,97450846069851;Animalia;Chordata
6,69472521018423;Animalia;Chordata
2,63360093664059;Animalia;Chordata
3,33500663097742;Animalia;Chordata
-2,06379357649887;Animalia;Chordata
0,963993843655617;Animalia;Chordata
2,67733985650596;Animalia;Chordata
4,33159600768992;Animalia;Chordata
4,04574379767688;Animalia;Chordata
5,40308169006663;Animalia;Chordata
1,56616510951905;Animalia;Chordata
0,137382486909283;Animalia;Chordata
4,63123664763884;Animalia;Chordata
3,47536430668988;Animalia;Chordata
4,94976173750729;Animalia;Chordata
5,03640848086721;Animalia;Chordata
1,87564181660094;Animalia;Chordata
1,53323116045118;Animalia;Chordata
-0,191435468027738;Animalia;Chordata
4,85822902913259;Animalia;Chordata
2,50424889428837;Animalia;Chordata
2,60049397992187;Animalia;Chordata
-0,517117006266083;Animalia;Chordata
3,05543381408996;Animalia;Chordata
0,445220263104838;Animalia;Chordata
2,69257082204754;Animalia;Chordata
2,25567859857232;Animalia;Chordata
5,18620028396328;Animalia;Chordata
5,54932759214405;Animalia;Chordata
2,54913154984027;Animalia;Chordata
3,73540825632153;Animalia;Chordata
0,955043273318243;Animalia;Chordata
3,97841961005138;Animalia;Chordata
1,34392639730746;Animalia;Chordata
1,78171613469206;Animalia;Chordata
2,20639135259194;Animalia;Chordata
2,81128343615935;Animalia;Chordata
3,83474202674215;Animalia;Chordata
3,42470788652953;Animalia;Chordata
4,1393862978159;Animalia;Chordata
2,01732914147196;Animalia;Chordata
2,0217472183297;Animalia;Chordata
3,14531989455436;Animalia;Chordata
2,81854986443086;Animalia;Chordata
3,49711597456723;Animalia;Chordata
4,01059301213202;Animalia;Chordata
2,93779527666373;Animalia;Chordata
1,1784891618582;Animalia;Chordata
4,46547602549552;Animalia;Chordata
4,14799815562506;Animalia;Chordata
1,20863415881007;Animalia;Chordata
2,86853894205064;Animalia;Chordata
2,64201246166979;Animalia;Chordata
5,02967796358436;Animalia;Chordata
3,63063139407452;Animalia;Chordata
3,92517720673009;Animalia;Chordata
2,24273392684277;Animalia;Chordata
3,18711688163872;Animalia;Chordata
2,54222521047291;Animalia;Chordata
5,78404417873248;Animalia;Chordata
3,72184117569039;Animalia;Chordata
2,09677563477593;Animalia;Chordata
0,30021700788131;Animalia;Chordata
1,00361869822747;Animalia;Chordata
2,24264826260689;Animalia;Chordata
2,30641946320089;Animalia;Chordata
4,10996342186588;Animalia;Chordata
2,45248170426014;Animalia;Chordata
2,22837628923673;Animalia;Chordata
2,52428227812469;Animalia;Chordata
3,42665729230118;Animalia;Chordata
1,43643350072577;Animalia;Chordata
3,30152630729439;Animalia;Chordata
2,74003487759241;Animalia;Chordata
4,44388578294207;Animalia;Chordata
0,842706959550197;Animalia;Chordata
3,20643762741485;Animalia;Chordata
-0,199687268034674;Animalia;Chordata
-0,654845636119719;Animalia;Chordata
0,66970335761034;Animalia;Chordata
2,83559138642886;Animalia;Chordata
0,270090895528186;Animalia;Chordata
4,43542039506754;Animalia;Chordata
2,11433442537123;Animalia;Chordata
1,67595680186375;Animalia;Chordata
2,64539689618691;Animalia;Chordata
3,60827487159334;Animalia;Chordata
1,54845691263226;Animalia;Chordata
3,78666635298586;Animalia;Chordata
3,27405575440495;Animalia;Chordata
3,53190661552604;Animalia;Chordata
3,64473333478888;Animalia;Chordata
2,86532990817726;Animalia;Chordata
2,10026553828047;Animalia;Chordata
4,00438775990774;Animalia;Chordata
2,0055902988595;Animalia;Chordata
0,730373530263524;Animalia;Chordata
5,28931393127128;Animalia;Chordata
4,32836611677013;Animalia;Chordata
5,82459450087068;Animalia;Chordata
7,45092592044036;Animalia;Chordata
3,16678113330839;Animalia;Chordata
7,33063268665304;Animalia;Chordata
3,40331098904982;Animalia;Chordata
1,99056114532997;Animalia;Chordata
2,47847844367148;Animalia;Chordata
3,88866783701973;Animalia;Chordata
2,69576288193605;Animalia;Chordata
3,2103043760548;Animalia;Chordata
1,34869464383773;Animalia;Chordata
4,67570459209291;Animalia;Chordata
2,97790439489902;Animalia;Chordata
2,53972264973103;Animalia;Chordata
1,60123530089621;Animalia;Chordata
6,86994010089356;Animalia;Chordata
5,80592280197067;Animalia;Chordata
5,08634009949849;Animalia;Chordata
0,0561867149296162;Animalia;Chordata
4,00822270861754;Animalia;Chordata
-1,84514516891145;Animalia;Chordata
1,39624563054338;Animalia;Chordata
3,47497294278168;Animalia;Chordata
0,374699539372312;Animalia;Chordata
3,70332212792315;Animalia;Chordata
-1,18824933634064;Animalia;Chordata
-0,0562929055630175;Animalia;Chordata
4,55855460295714;Animalia;Chordata
6,3343963345064;Animalia;Chordata
4,23950453667053;Animalia;Chordata
4,23912905446377;Animalia;Chordata
3,58273141611257;Animalia;Chordata
2,53573423334218;Animalia;Chordata
1,0970608351279;Animalia;Chordata
2,48733027208993;Animalia;Chordata
1,88323946593744;Animalia;Chordata
1,73687871232083;Animalia;Chordata
0,652336278595165;Animalia;Chordata
2,28576611105581;Animalia;Chordata
1,87604387153877;Animalia;Chordata
1,94052831148912;Animalia;Chordata
3,16144541499939;Animalia;Chordata
2,74849562003136;Animalia;Chordata
1,24338632995911;Animalia;Chordata
2,61158413695996;Animalia;Chordata
1,35033057791956;Animalia;Chordata
0,416446133152;Animalia;Chordata
4,17996679875714;Animalia;Chordata
4,84469015807795;Animalia;Chordata
3,30582598413369;Animalia;Chordata
1,49396940148213;Animalia;Chordata
5,33774134313188;Animalia;Chordata
2,82238073353834;Animalia;Chordata
0,467021572466876;Animalia;Chordata
0,94845540135546;Animalia;Chordata
4,16259493604463;Animalia;Chordata
1,46174266632758;Animalia;Chordata
7,71172714484481;Animalia;Chordata
5,24579004359729;Animalia;Chordata
5,54703904811404;Animalia;Chordata
6,10737230877103;Animalia;Chordata
3,34210267110883;Animalia;Chordata
3,89821496196276;Animalia;Chordata
1,07466499685101;Animalia;Chordata
-1,18057066159835;Animalia;Chordata
5,61796678255423;Animalia;Chordata
4,03361897941959;Animalia;Chordata
6,25279974899718;Animalia;Chordata
0,824454968665075;Animalia;Chordata
-2,43856287930045;Animalia;Chordata
-1,48561683960828;Animalia;Chordata
1,59131574810906;Animalia;Chordata
0,623930845349255;Animalia;Chordata
2,99109480044823;Animalia;Chordata
3,40012978126879;Animalia;Chordata
2,86050081964815;Animalia;Chordata
6,2403265251789;Animalia;Chordata
2,90687295846183;Animalia;Chordata
4,1427487835996;Animalia;Chordata
4,27972914174459;Animalia;Chordata
1,96059516975587;Animalia;Chordata
1,6472331549795;Animalia;Chordata
4,71103335659061;Animalia;Chordata
2,10938325486821;Animalia;Chordata
3,17320554632744;Animalia;Chordata
3,60999483136376;Animalia;Chordata
4,42525525838551;Animalia;Chordata
3,47171520773295;Animalia;Chordata
3,6431911086142;Animalia;Chordata
3,28317744543444;Animalia;Chordata
4,92443688546774;Animalia;Chordata
2,50764939884495;Animalia;Chordata
3,33286958397736;Animalia;Chordata
3,21765449985822;Animalia;Chordata
3,66199799132436;Animalia;Chordata
4,46325409172616;Animalia;Chordata
1,88310123716532;Animalia;Chordata
0,260480890741782;Animalia;Chordata
2,41174825820916;Animalia;Chordata
4,11678562384188;Animalia;Chordata
2,25668131225047;Animalia;Chordata
4,26403507373695;Animalia;Chordata
4,06267261712222;Animalia;Chordata
2,4782654225515;Animalia;Chordata
3,77165018864892;Animalia;Chordata
2,7422450155871;Animalia;Chordata
0,789915926674084;Animalia;Chordata
2,95523581578577;Animalia;Chordata
0,748242775626071;Animalia;Chordata
4,98928337793187;Animalia;Chordata
-0,822004830786694;Animalia;Chordata
3,29266334172297;Animalia;Chordata
1,88649857949697;Animalia;Chordata
3,65241133675056;Animalia;Chordata
2,54733150018878;Animalia;Chordata
2,9199833684501;Animalia;Chordata
2,53538313368053;Animalia;Chordata
6,69324837868422;Animalia;Chordata
1,82236679413375;Animalia;Chordata
3,9267563950232;Animalia;Chordata
2,30259387956674;Animalia;Chordata
4,20507242731422;Animalia;Chordata
2,45886335969398;Animalia;Chordata
1,65813041839924;Animalia;Chordata
3,53153677024044;Animalia;Chordata
2,13771546100599;Animalia;Chordata
3,44302219024853;Animalia;Chordata
3,21829446683835;Animalia;Chordata
3,22422548922241;Animalia;Chordata
2,84420437667321;Animalia;Chordata
-2,09818657668036;Animalia;Chordata
2,14907545048866;Animalia;Chordata
3,39363232878138;Animalia;Chordata
1,93754791451038;Animalia;Chordata
-0,240540039097304;Animalia;Chordata
0,955532384549453;Animalia;Chordata
2,30397148156225;Animalia;Chordata
3,82241963331116;Animalia;Chordata
1,23239339968098;Animalia;Chordata
2,39620191700772;Animalia;Chordata
3,55565780812698;Animalia;Chordata
0,469008326181195;Animalia;Chordata
4,02860606255861;Animalia;Chordata
-3,91209457081304;Animalia;Chordata
3,49422791512772;Animalia;Chordata
8,72081787810402;Animalia;Chordata
0,914956636938041;Animalia;Chordata
3,14772214951693;Animalia;Chordata
3,85987312894554;Animalia;Chordata
8,60699306372047;Animalia;Chordata
2,58053554691509;Animalia;Chordata
3,14373230019074;Animalia;Chordata
3,71611635940098;Animalia;Chordata
1,30469992745635;Animalia;Chordata
1,47698196056226;Animalia;Chordata
0,260208241679335;Animalia;Chordata
4,04672820677613;Animalia;Chordata
3,85645450106887;Animalia;Chordata
6,10297624945258;Animalia;Chordata
3,15576982733609;Animalia;Chordata
2,97888569146669;Animalia;Chordata
6,1452175736893;Animalia;Chordata
1,48216626474876;Animalia;Chordata
0,213548355374414;Animalia;Chordata
10,0863413576928;Animalia;Chordata
3,99066135132101;Animalia;Chordata
2,65037726530625;Animalia;Chordata
-0,897434983732252;Animalia;Chordata
4,02507723020998;Animalia;Chordata
6,54687218793267;Animalia;Chordata
5,63187436697945;Animalia;Chordata
6,94907342549049;Animalia;Chordata
1,28544326009173;Animalia;Chordata
2,43185209950573;Animalia;Chordata
1,61453830605723;Animalia;Chordata
5,38918249565286;Animalia;Chordata
2,81219857636497;Animalia;Chordata
3,44716159420576;Animalia;Chordata
3,13607791544607;Animalia;Chordata
4,25904367945339;Animalia;Chordata
4,54257704951089;Animalia;Chordata
0,383803857129999;Animalia;Chordata
1,01558472870067;Animalia;Chordata
1,9678452058509;Animalia;Chordata
3,74272255174275;Animalia;Chordata
2,6788493545365;Animalia;Chordata
4,30696410708375;Animalia;Chordata
2,96085780878022;Animalia;Chordata
-0,0531986476732644;Animalia;Chordata
2,10004612183893;Animalia;Chordata
3,86365170548902;Animalia;Chordata
1,22261728434992;Animalia;Chordata
2,19993058491204;Animalia;Chordata
4,29565342114465;Animalia;Chordata
2,95516064194624;Animalia;Chordata
3,13121714118598;Animalia;Chordata
3,59986716874388;Animalia;Chordata
1,68252015902964;Animalia;Chordata
3,64934720653526;Animalia;Chordata
1,8670831001944;Animalia;Chordata
2,16233350140474;Animalia;Chordata
1,70029232877544;Animalia;Chordata
3,31520533416631;Animalia;Chordata
2,29149489435814;Animalia;Chordata
3,49907981432924;Animalia;Chordata
2,56978496606532;Animalia;Chordata
2,78515991976062;Animalia;Chordata
1,7412614240691;Animalia;Chordata
3,79276219051158;Animalia;Chordata
4,06960805887937;Animalia;Chordata
3,0485417058774;Animalia;Chordata
3,75216173951762;Animalia;Chordata
2,56362344411354;Animalia;Chordata
0,947058380773226;Animalia;Chordata
4,03182619489519;Animalia;Chordata
4,29427672451305;Animalia;Chordata
1,44405609696207;Animalia;Chordata
3,14164582372775;Animalia;Chordata
3,00516006099719;Animalia;Chordata
1,5717026729486;Animalia;Chordata
3,87651596454432;Animalia;Chordata
0,735291550815981;Animalia;Chordata
3,83040755624185;Animalia;Chordata
2,64900565108906;Animalia;Chordata
2,68355020228964;Animalia;Chordata
1,83628085472736;Animalia;Chordata
3,04183308330164;Animalia;Chordata
2,98663234606102;Animalia;Chordata
2,21077006912508;Animalia;Chordata
4,03778350195008;Animalia;Chordata
4,04828808228667;Animalia;Chordata
2,79076446230355;Animalia;Chordata
2,86218572757238;Animalia;Chordata
5,55116351161665;Animalia;Chordata
4,29250131628087;Animalia;Chordata
4,10661304166542;Animalia;Chordata
6,51048909391084;Animalia;Chordata
1,66881750967019;Animalia;Chordata
3,33157451470304;Animalia;Chordata
3,7464094673835;Animalia;Chordata
2,24500432113986;Animalia;Chordata
2,29453675332282;Animalia;Chordata
2,66062320103495;Animalia;Chordata
2,1710860703711;Animalia;Chordata
3,34974128885598;Animalia;Chordata
3,55191948601638;Animalia;Chordata
-0,0444834697351215;Animalia;Chordata
2,50073292810712;Animalia;Chordata
0,21745756045533;Animalia;Chordata
1,48759537625562;Animalia;Chordata
0,838249912983327;Animalia;Chordata
1,9496427197399;Animalia;Chordata
2,84648020115325;Animalia;Chordata
2,61927520659697;Animalia;Chordata
1,38499534836379;Animalia;Chordata
3,98098533134753;Animalia;Chordata
3,58366818433096;Animalia;Chordata
3,62122643165157;Animalia;Chordata
2,46563219976478;Animalia;Chordata
2,61969526558426;Animalia;Chordata
0,984302674913285;Animalia;Chordata
0,768539141449493;Animalia;Chordata
3,78427503710148;Animalia;Chordata
0,755696253960926;Animalia;Chordata
-1,349260353498;Animalia;Chordata
0,140122560359128;Animalia;Chordata
0,376684662250385;Animalia;Chordata
1,10389024739998;Animalia;Chordata
2,05104169671834;Animalia;Chordata
-0,224851495551979;Animalia;Chordata
-0,42038623393517;Animalia;Chordata
3,45727767311654;Animalia;Chordata
4,76250403874466;Animalia;Chordata
-0,125064283231993;Animalia;Chordata
-0,359257900660582;Animalia;Chordata
1,8632661862225;Animalia;Chordata
1,59696431817011;Animalia;Chordata
-0,820225152719871;Animalia;Chordata
0,897288825820294;Animalia;Chordata
-0,558427093072515;Animalia;Chordata
4,72347692923499;Animalia;Chordata
0,669223309280827;Animalia;Chordata
3,48516884801299;Animalia;Chordata
0,493462701226969;Animalia;Chordata
2,68088680790868;Animalia;Chordata
-1,10611744297718;Animalia;Chordata
1,05471190436802;Animalia;Chordata
0,426132063619264;Animalia;Chordata
2,69728911812272;Animalia;Chordata
-2,05589455393677;Animalia;Chordata
1,88034717700261;Animalia;Chordata
1,73439225386826;Animalia;Chordata
0,835211635325344;Animalia;Chordata
3,39189417043648;Animalia;Chordata
5,16311976869044;Animalia;Chordata
2,68992875851376;Animalia;Chordata
0,434875947938048;Animalia;Chordata
2,01161052469644;Animalia;Chordata
4,74274939031543;Animalia;Chordata
0,536376579835407;Animalia;Chordata
-0,254539861537548;Animalia;Chordata
2,8986353283131;Animalia;Chordata
1,11767277177677;Animalia;Chordata
0,0656922075787962;Animalia;Chordata
2,40618291557619;Animalia;Chordata
1,12414498053034;Animalia;Chordata
2,55620000961999;Animalia;Chordata
-0,00400959839576487;Animalia;Chordata
1,78165137907021;Animalia;Chordata
0,731138107344218;Animalia;Chordata
2,47928277110607;Animalia;Chordata
3,39203373392698;Animalia;Chordata
0,250380230167584;Animalia;Chordata
0,0879655533047465;Animalia;Chordata
0,820804686321801;Animalia;Chordata
-0,483575494067734;Animalia;Chordata
-0,157534602873723;Animalia;Chordata
0,956144745058838;Animalia;Chordata
-1,24098762890473;Animalia;Chordata
-3,7561773916304;Animalia;Chordata
0,570657647679255;Animalia;Chordata
1,09286061278145;Animalia;Chordata
2,63840368504151;Animalia;Chordata
2,39493414590199;Animalia;Chordata
1,80863776850517;Animalia;Chordata
0,371400247693936;Animalia;Chordata
2,75854353192523;Animalia;Chordata
3,7549290374751;Animalia;Chordata
4,19935577804202;Animalia;Chordata
0,158748157075594;Animalia;Chordata
1,86725569869911;Animalia;Chordata
2,36612025093753;Animalia;Chordata
1,22662053572729;Animalia;Chordata
0,907608285077615;Animalia;Chordata
1,72990615968692;Animalia;Chordata
4,47833159145276;Animalia;Chordata
-1,7449617388507;Animalia;Chordata
0,297195566932489;Animalia;Chordata
0,942363701488251;Animalia;Chordata
-3,12869619860067;Animalia;Chordata
1,36022160636429;Animalia;Chordata
-0,625805546153444;Animalia;Chordata
-0,356810413664499;Animalia;Chordata
3,30406821990763;Animalia;Chordata
1,70812068566594;Animalia;Chordata
3,78226190312341;Animalia;Chordata
3,12681304597192;Animalia;Chordata
0,706670517158569;Animalia;Chordata
3,26524371308397;Animalia;Chordata
-0,298450289053941;Animalia;Chordata
2,2402784314408;Animalia;Chordata
-0,0237036321936834;Animalia;Chordata
3,92932762357866;Animalia;Chordata
1,49583045506726;Animalia;Chordata
1,61903448080683;Animalia;Chordata
0,696519423716444;Animalia;Chordata
0,586349539034584;Animalia;Chordata
0,521069242003216;Animalia;Chordata
-0,62077267108473;Animalia;Chordata
3,93365641140172;Animalia;Chordata
2,56660566046864;Animalia;Chordata
1,46546111468682;Animalia;Chordata
1,87511112475149;Animalia;Chordata
2,10190611927149;Animalia;Chordata
-1,2394788070489;Animalia;Chordata
3,61998566673011;Animalia;Chordata
-1,68950298814063;Animalia;Chordata
0,120531959842873;Animalia;Chordata
3,7085008034016;Animalia;Chordata
2,14884427977696;Animalia;Chordata
4,07047161679141;Animalia;Chordata
-2,43143628938876;Animalia;Chordata
-0,470925826885832;Animalia;Chordata
1,83570750248476;Animalia;Chordata
2,22977478220027;Animalia;Chordata
1,74221940352647;Animalia;Chordata
-1,30725289450526;Animalia;Chordata
2,72166448371807;Animalia;Chordata
1,7886640297366;Animalia;Chordata
3,555884333768;Animalia;Chordata
2,38322491592567;Animalia;Chordata
0,626908903246337;Animalia;Chordata
4,6275150957428;Animalia;Chordata
3,03790492093494;Animalia;Chordata
2,40443247086673;Animalia;Chordata
-0,255016557803774;Animalia;Chordata
-0,440137434385298;Animalia;Chordata
2,9671914240811;Animalia;Chordata
1,78111980962339;Animalia;Chordata
-0,895487334260109;Animalia;Chordata
2,32455027848931;Animalia;Chordata
-1,60940954763345;Animalia;Chordata
-0,237776707983668;Animalia;Chordata
-0,991090980003895;Animalia;Chordata
0,27743045200484;Animalia;Chordata
3,65948850712465;Animalia;Chordata
3,57437891769822;Animalia;Chordata
3,68307703515231;Animalia;Chordata
-0,196420662060126;Animalia;Chordata
0,491118607442351;Animalia;Chordata
-0,310561994089186;Animalia;Chordata
2,70286077956784;Animalia;Chordata
5,64731678092538;Animalia;Chordata
3,95956594257218;Animalia;Chordata
2,40250421445969;Animalia;Chordata
-0,161153566502319;Animalia;Chordata
1,90458713787577;Animalia;Chordata
1,27909552731871;Animalia;Chordata
4,61895061507431;Animalia;Chordata
1,65416798484142;Animalia;Chordata
3,3089500224581;Animalia;Chordata
2,38609553507963;Animalia;Chordata
1,85575513788577;Animalia;Chordata
1,60432270152879;Animalia;Chordata
2,77184626048478;Animalia;Chordata
1,60582395373027;Animalia;Chordata
2,46897748940229;Animalia;Chordata
1,28936877188315;Animalia;Chordata
0,257220574342794;Animalia;Chordata
0,472546849862518;Animalia;Chordata
1,39676596897582;Animalia;Chordata
1,45439063193882;Animalia;Chordata
3,56651996681773;Animalia;Chordata
1,32253005185097;Animalia;Chordata
-0,123832739512048;Animalia;Chordata
1,92902614160545;Animalia;Chordata
1,05937133868;Animalia;Chordata
2,78828328897389;Animalia;Chordata
4,52425256543082;Animalia;Chordata
4,8764181278678;Animalia;Chordata
2,47080901579517;Animalia;Chordata
-0,590780267464474;Animalia;Chordata
0,827383154683343;Animalia;Chordata
1,46735963833582;Animalia;Chordata
0,125473713160707;Animalia;Chordata
3,08311174142838;Animalia;Chordata
2,29786732592475;Animalia;Chordata
4,10267653025867;Animalia;Chordata
2,03860221234081;Animalia;Chordata
1,44262966844741;Animalia;Chordata
-0,00627210342699414;Animalia;Chordata
3,95871269573841;Animalia;Chordata
4,06238259391833;Animalia;Chordata
1,66106989039957;Animalia;Chordata
-1,7909685758117;Animalia;Chordata
4,93881774835638;Animalia;Chordata
1,0847614749212;Animalia;Chordata
0,909735078319807;Animalia;Chordata
1,03049737511183;Animalia;Chordata
0,575506794684355;Animalia;Chordata
0,336445681127858;Animalia;Chordata
1,47983780114859;Animalia;Chordata
2,44480732669129;Animalia;Chordata
3,36405945454759;Animalia;Chordata
4,86556650541197;Animalia;Chordata
2,58601626187123;Animalia;Chordata
3,83551019666631;Animalia;Chordata
4,1053892923299;Animalia;Chordata
3,21702746015369;Animalia;Chordata
0,961349260667095;Animalia;Chordata
1,5342150539253;Animalia;Chordata
2,0269428711361;Animalia;Chordata
0,711049021379843;Animalia;Chordata
1,26442388846894;Animalia;Chordata
0,532180435872943;Animalia;Chordata
-2,94647379058067;Animalia;Chordata
-2,97646067223263;Animalia;Chordata
-1,17876518946361;Animalia;Chordata
3,28437085022956;Animalia;Chordata
2,25885104628178;Animalia;Chordata
5,99266310181627;Animalia;Chordata
0,392149483782269;Animalia;Chordata
-1,0305426447276;Animalia;Chordata
2,66963131507539;Animalia;Chordata
2,39289135915817;Animalia;Chordata
-0,117422046719636;Animalia;Chordata
-6,13311559597022;Animalia;Chordata
1,19841338419855;Animalia;Chordata
1,42233388421388;Animalia;Chordata
0,93636753707036;Animalia;Chordata
1,82902723803519;Animalia;Chordata
-0,388150618132252;Animalia;Chordata
0,915922693562434;Animalia;Chordata
2,00055843434396;Animalia;Chordata
2,68368756511374;Animalia;Chordata
0,0307185475431808;Animalia;Chordata
1,90729436233708;Animalia;Chordata
4,50907185267571;Animalia;Chordata
0,682976641683503;Animalia;Chordata
1,34104731996519;Animalia;Chordata
-0,0581708041196709;Animalia;Chordata
2,57800806956175;Animalia;Chordata
0,210642855061643;Animalia;Chordata
0,993569693254225;Animalia;Chordata
1,78691352760389;Animalia;Chordata
0,0439679754656765;Animalia;Chordata
-3,67358906293199;Animalia;Chordata
-2,97551742499395;Animalia;Chordata
-1,11920842047497;Animalia;Chordata
3,36382815459258;Animalia;Chordata
-1,74194270350077;Animalia;Chordata
2,43627573409383;Animalia;Chordata
3,21152510607555;Animalia;Chordata
2,56919564410779;Animalia;Chordata
-1,24034470358728;Animalia;Chordata
1,2767036434844;Animalia;Chordata
1,30801091238137;Animalia;Chordata
3,9746437550948;Animalia;Chordata
0,982751308137095;Animalia;Chordata
0,236371002383677;Animalia;Chordata
2,0145974917822;Animalia;Chordata
2,75066828317405;Animalia;Chordata
-2,76271143003364;Animalia;Chordata
-1,30528810484868;Animalia;Chordata
-0,337743077842582;Animalia;Chordata
3,95484421896049;Animalia;Chordata
2,19577319637356;Animalia;Chordata
2,75463193677052;Animalia;Chordata
0,879745205534061;Animalia;Chordata
-1,15384888501553;Animalia;Chordata
-1,62964630518069;Animalia;Chordata
3,45746673723233;Animalia;Chordata
3,44490644383428;Animalia;Chordata
-3,67318617071666;Animalia;Chordata
0,919206154906012;Animalia;Chordata
2,14745943182935;Animalia;Chordata
-1,92238377368257;Animalia;Chordata
1,81275246283574;Animalia;Chordata
2,28664045406704;Animalia;Chordata
-2,03532917238387;Animalia;Chordata
3,40569110917938;Animalia;Chordata
-1,0107148857115;Animalia;Chordata
-1,43377529716516;Animalia;Chordata
2,66544440554963;Animalia;Chordata
0,612350393395417;Animalia;Chordata
0,670036858959693;Animalia;Chordata
0,759331393068716;Animalia;Chordata
3,07389546227059;Animalia;Chordata
0,988545873002618;Animalia;Chordata
0,514024453930979;Animalia;Chordata
1,3002524056144;Animalia;Chordata
4,07857188502777;Animalia;Chordata
1,68628318490099;Animalia;Chordata
-0,0246561038224211;Animalia;Chordata
-4,64012754235068;Animalia;Chordata
3,77126217816777;Animalia;Chordata
2,65907367842509;Animalia;Chordata
-2,45374978914187;Animalia;Chordata
3,40611054294994;Animalia;Chordata
2,8938557687243;Animalia;Chordata
1,23421953637678;Animalia;Chordata
0,134347630986053;Animalia;Chordata
1,31506550809054;Animalia;Chordata
1,58940638895553;Animalia;Chordata
2,44305619752979;Animalia;Chordata
3,33245407204552;Animalia;Chordata
0,491732947143801;Animalia;Chordata
0,563839721936631;Animalia;Chordata
1,65012264400541;Animalia;Chordata
1,94890177350566;Animalia;Chordata
2,10560493458495;Animalia;Chordata
3,52584861344213;Animalia;Chordata
2,00721335955293;Animalia;Chordata
2,61061139388926;Animalia;Chordata
1,76026792395332;Animalia;Chordata
2,83344520383503;Animalia;Chordata
0,827529953019284;Animalia;Chordata
-0,651105893866607;Animalia;Chordata
1,29685069371313;Animalia;Chordata
0,805051116681488;Animalia;Chordata
0,796348815547565;Animalia;Chordata
0,557727081108796;Animalia;Chordata
2,92548316633315;Animalia;Chordata
2,69120187060849;Animalia;Chordata
4,26142364130743;Animalia;Chordata
0,333476660569893;Animalia;Chordata
2,15207820282536;Animalia;Chordata
2,886439924733;Animalia;Chordata
2,76392112383625;Animalia;Chordata
-0,710346918490744;Animalia;Chordata
2,79967183263764;Animalia;Chordata
2,6263634413693;Animalia;Chordata
1,46605406914609;Animalia;Chordata
0,206313264489385;Animalia;Chordata
0,631002575151045;Animalia;Chordata
0,790265087195904;Animalia;Chordata
3,58843937990737;Animalia;Chordata
2,18938318139928;Animalia;Chordata
1,13071966515845;Animalia;Chordata
0,700294355622437;Animalia;Chordata
0,904003412707993;Animalia;Chordata
-5,46931637686902;Animalia;Chordata
0,650166997434076;Animalia;Chordata
1,44243092338265;Animalia;Chordata
1,35740868392424;Animalia;Chordata
-1,42421470615033;Animalia;Chordata
4,05765788950871;Animalia;Chordata
-1,8583984642248;Animalia;Cnidaria
-1,31043329350935;Animalia;Mollusca
1,07459546869577;Animalia;Mollusca
-1,22146102986189;Animalia;Mollusca
2,35840286889627;Animalia;Mollusca
-1,70811626117546;Animalia;Mollusca
-2,00358047406929;Animalia;Mollusca
-2,00358047406929;Animalia;Mollusca
-1,83173021714263;Animalia;Mollusca
-2,95699009844202;Animalia;Nematoda
-0,264255610252185;Animalia;Platyhelminthes
-5,84174116776805;Animalia;Platyhelminthes
-3,80370552901182;Animalia;Platyhelminthes
-1,90442638515802;Animalia;Tardigrada
-1,73648799216487;Animalia;Tardigrada
-5,46931637686902;Fungi;Basidiomycota
-1,95554155822756;Fungi;Basidiomycota
-1,73164675858565;Fungi;Basidiomycota
-0,125412077726535;Fungi;Basidiomycota
-0,786429165778112;Fungi;Basidiomycota
-2,80283941861476;Fungi;Basidiomycota
-0,506471746609113;Fungi;Basidiomycota
-4,77616919630908;Fungi;Basidiomycota
-1,01904811903588;Fungi;Basidiomycota
-2,21121983884754;Fungi;Basidiomycota
-1,53749074414469;Fungi;Basidiomycota
0,416787654581136;Fungi;Basidiomycota
-4,37070408820091;Fungi;Basidiomycota
-2,46695005077285;Fungi;Basidiomycota
-0,594119053667868;Fungi;Basidiomycota
-1,97280881540254;Fungi;Basidiomycota
-1,6626538870987;Fungi;Basidiomycota
-1,87661551413215;Fungi;Basidiomycota
-1,8583984642248;Fungi;Basidiomycota
-3,61176851257349;Fungi;Basidiomycota
-3,31901212181371;Fungi;Basidiomycota
-0,936716883715763;Fungi;Basidiomycota
-2,06117110016233;Fungi;Basidiomycota
-1,23327551327566;Fungi;Basidiomycota
-0,520556486490851;Fungi;Basidiomycota
-3,38292694014465;Fungi;Basidiomycota
0,872254980528432;Fungi;Basidiomycota
-0,308061020347608;Fungi;Basidiomycota
1,67113666623214;Fungi;Basidiomycota
-2,05187266716599;Fungi;Basidiomycota
-1,68512674295076;Fungi;Basidiomycota
-1,51807265828759;Fungi;Basidiomycota
-1,24980867169291;Plantae;Anthocerotophyta
-2,57894461897286;Plantae;Anthocerotophyta
-1,06259712960477;Plantae;Anthocerotophyta
0,899974622881729;Plantae;Anthocerotophyta
-2,33382216093987;Plantae;Bryophyta
2,0409211488506;Plantae;Bryophyta
-1,55729337144087;Plantae;Bryophyta
-1,97280881540254;Plantae;Bryophyta
-1,70811626117546;Plantae;Bryophyta
-2,4247939391456;Plantae;Bryophyta
-1,88579743841291;Plantae;Bryophyta
-1,94295585225286;Plantae;Bryophyta
-1,27966163484259;Plantae;Bryophyta
0,891986100703976;Plantae;Bryophyta
-2,76126617576681;Plantae;Bryophyta
-2,44361153806082;Plantae;Bryophyta
-1,97280881540254;Plantae;Bryophyta
-1,8583984642248;Plantae;Bryophyta
-1,78043692275508;Plantae;Bryophyta
-3,47823711994897;Plantae;Bryophyta
-1,94295585225286;Plantae;Bryophyta
-1,91396831537961;Plantae;Bryophyta
-1,37572306297462;Plantae;Bryophyta
-2,57894461897286;Plantae;Bryophyta
-1,78043692275508;Plantae;Bryophyta
-1,6626538870987;Plantae;Bryophyta
-3,46269447245472;Plantae;Bryophyta
-2,47358410331503;Plantae;Bryophyta
-2,6361030328128;Plantae;Bryophyta
-2,99272930416727;Plantae;Bryophyta
-2,6361030328128;Plantae;Bryophyta
-1,75574431016471;Plantae;Bryophyta
-2,85162958278419;Plantae;Bryophyta
-2,06811899520686;Plantae;Bryophyta
-2,69672765462924;Plantae;Bryophyta
-1,78043692275508;Plantae;Bryophyta
-0,485709755160683;Plantae;Bryophyta
-1,8441065949245;Plantae;Bryophyta
-1,94295585225286;Plantae;Bryophyta
-1,97280881540254;Plantae;Bryophyta
-1,75574431016471;Plantae;Bryophyta
-2,4247939391456;Plantae;Bryophyta
-2,98516097540872;Plantae;Bryophyta
-3,21906255193074;Plantae;Bryophyta
-3,61176851257349;Plantae;Bryophyta
-2,83025904725376;Plantae;Bryophyta
-2,29126254652107;Plantae;Bryophyta
-2,52487739770258;Plantae;Bryophyta
-0,0125511192755807;Plantae;Bryophyta
-2,17347951086469;Plantae;Bryophyta
-1,23433509736934;Plantae;Marchantiophyta
-2,4247939391456;Plantae;Marchantiophyta
-2,47358410331503;Plantae;Marchantiophyta
-2,25044055200082;Plantae;Marchantiophyta
0,626508185563205;Plantae;Marchantiophyta
-3,0747731340984;Plantae;Marchantiophyta
-6,43614621114939;Plantae;Marchantiophyta
-3,54477676334414;Plantae;Marchantiophyta
-2,57894461897286;Plantae;Marchantiophyta
-2,52487739770258;Plantae;Marchantiophyta
-2,47358410331503;Plantae;Marchantiophyta
-1,97280881540254;Plantae;Marchantiophyta
-3,03998218901782;Plantae;Marchantiophyta
-3,29591556315502;Plantae;Marchantiophyta
-3,3218197209981;Plantae;Marchantiophyta
-2,47358410331503;Plantae;Marchantiophyta
-2,57894461897286;Plantae;Marchantiophyta
-2,47358410331503;Plantae;Marchantiophyta
-4,6672627177608;Plantae;Marchantiophyta
-0,964371629832927;Plantae;Marchantiophyta
-0,871864085764419;Plantae;Marchantiophyta
-1,25624665400678;Plantae;Marchantiophyta
-1,22694532134248;Plantae;Marchantiophyta
-0,128690769188234;Plantae;Rhodophyta
-2,82549444514983;Plantae;Tracheophyta
-0,265309689792224;Plantae;Tracheophyta
-1,27118097491121;Plantae;Tracheophyta
-0,375566176062257;Plantae;Tracheophyta
-1,46198319163655;Plantae;Tracheophyta
0,332801998508043;Plantae;Tracheophyta
-1,099868524402;Plantae;Tracheophyta
-1,46198319163655;Plantae;Tracheophyta
-2,17347951086469;Plantae;Tracheophyta
-1,16525128366485;Plantae;Tracheophyta
-1,29492910697338;Plantae;Tracheophyta
-1,70811626117546;Plantae;Tracheophyta
-0,0479548303287558;Plantae;Tracheophyta
3,78571051272957;Plantae;Tracheophyta
2,55161134211256;Plantae;Tracheophyta
2,30986526704111;Plantae;Tracheophyta
-0,303313182609953;Plantae;Tracheophyta
-0,92738093051006;Plantae;Tracheophyta
-1,12551095501534;Plantae;Tracheophyta
-1,68512674295076;Plantae;Tracheophyta
-2,48006602635171;Plantae;Tracheophyta
2,00204671131808;Plantae;Tracheophyta
2,46722543498139;Plantae;Tracheophyta
-1,55729337144087;Plantae;Tracheophyta
-0,2616368237597;Plantae;Tracheophyta
-1,3917789329633;Plantae;Tracheophyta
-1,4990244633169;Plantae;Tracheophyta
1,26527528310393;Plantae;Tracheophyta
-1,57749607875839;Plantae;Tracheophyta
2,06210709552999;Plantae;Tracheophyta
-1,59811536596113;Plantae;Tracheophyta
0,377122398188705;Plantae;Tracheophyta
1,81133770193011;Plantae;Tracheophyta
-1,44396468613387;Plantae;Tracheophyta
1,18612397349863;Plantae;Tracheophyta
1,05075455708285;Plantae;Tracheophyta
1,72811897722757;Plantae;Tracheophyta
-1,34218199182393;Plantae;Tracheophyta
-0,894605398365637;Plantae;Tracheophyta
-1,53749074414469;Plantae;Tracheophyta
0,505925497373417;Plantae;Tracheophyta
1,70310820025583;Plantae;Tracheophyta
1,39029852678518;Plantae;Tracheophyta
0,534570690237519;Plantae;Tracheophyta
-1,68512674295076;Plantae;Tracheophyta
-1,75574431016471;Plantae;Tracheophyta
-1,68512674295076;Plantae;Tracheophyta
-1,44396468613387;Plantae;Tracheophyta
-1,70811626117546;Plantae;Tracheophyta
-1,44396468613387;Plantae;Tracheophyta
-0,725170054396732;Plantae;Tracheophyta
-0,270819345603194;Plantae;Tracheophyta
-0,609503972507348;Plantae;Tracheophyta
-1,70811626117546;Plantae;Tracheophyta
-1,73164675858565;Plantae;Tracheophyta
-1,15182826333271;Plantae;Tracheophyta
-1,64067498037992;Plantae;Tracheophyta
-1,31043329350935;Plantae;Tracheophyta
-1,01496908061551;Plantae;Tracheophyta
-1,91396831537961;Plantae;Tracheophyta
-2,96242395467194;Plantae;Tracheophyta
0,829632869986923;Plantae;Tracheophyta
-2,18380021020854;Plantae;Tracheophyta
-1,88579743841291;Plantae;Tracheophyta
-1,75574431016471;Plantae;Tracheophyta
-1,46198319163655;Plantae;Tracheophyta
-2,72446531757259;Plantae;Tracheophyta
0,394314798729077;Plantae;Tracheophyta
-0,0666389949967403;Plantae;Tracheophyta
-1,3917789329633;Plantae;Tracheophyta
-3,0747731340984;Plantae;Tracheophyta
-1,64067498037992;Plantae;Tracheophyta
-1,57749607875839;Plantae;Tracheophyta
-0,156110397827232;Plantae;Tracheophyta
1,40073703492911;Plantae;Tracheophyta
1,32582988614841;Plantae;Tracheophyta
-2,4247939391456;Plantae;Tracheophyta
-2,47358410331503;Plantae;Tracheophyta
-0,394142561635193;Plantae;Tracheophyta
-2,69672765462924;Plantae;Tracheophyta
-2,4247939391456;Plantae;Tracheophyta
-4,61596942337325;Plantae;Tracheophyta
-2,95699009844202;Plantae;Tracheophyta
-2,47358410331503;Plantae;Tracheophyta
-3,17760801752634;Plantae;Tracheophyta
-0,283980311513293;Plantae;Tracheophyta
-2,57894461897286;Plantae;Tracheophyta
0,158304736821617;Plantae;Tracheophyta
-2,33382216093987;Plantae;Tracheophyta
-2,52487739770258;Plantae;Tracheophyta
-2,3782739235107;Plantae;Tracheophyta
-2,76126617576681;Plantae;Tracheophyta
-1,35844251269571;Plantae;Tracheophyta
0,324105091001799;Plantae;Tracheophyta
-1,97280881540254;Plantae;Tracheophyta
-4,33390323000669;Plantae;Tracheophyta
-2,47358410331503;Plantae;Tracheophyta
-1,06259712960477;Plantae;Tracheophyta
-1,61916877515896;Plantae;Tracheophyta
-0,0986783487413572;Plantae;Tracheophyta
-2,47358410331503;Plantae;Tracheophyta
-2,77930892120457;Plantae;Tracheophyta
1,11685527798566;Plantae;Tracheophyta
-2,10202054688254;Plantae;Tracheophyta
-0,668834424586474;Plantae;Tracheophyta
-1,35844251269571;Plantae;Tracheophyta
-1,83173021714263;Plantae;Tracheophyta
-2,49745776906358;Plantae;Tracheophyta
-1,94295585225286;Plantae;Tracheophyta
-2,10202054688254;Plantae;Tracheophyta
-1,15182826333271;Plantae;Tracheophyta
1,83318004685831;Plantae;Tracheophyta
-2,04069936656787;Plantae;Tracheophyta
-2,17106118443111;Plantae;Tracheophyta
-1,51807265828759;Plantae;Tracheophyta
2,00318436786854;Plantae;Tracheophyta
0,247711324537202;Plantae;Tracheophyta
-3,70729569284191;Plantae;Tracheophyta
-2,00358047406929;Plantae;Tracheophyta
-1,13858303658269;Plantae;Tracheophyta
-0,136223563186221;Plantae;Tracheophyta
0,743289718882499;Plantae;Tracheophyta
-1,53749074414469;Plantae;Tracheophyta
-3,69386883218642;Plantae;Tracheophyta
0,0319418336757078;Plantae;Tracheophyta
-0,265309689792224;Plantae;Tracheophyta
1,52919326538158;Plantae;Tracheophyta
-1,42626510903447;Plantae;Tracheophyta
-0,891761337812661;Plantae;Tracheophyta
0,347794783094185;Plantae;Tracheophyta
0,792508731035207;Plantae;Tracheophyta
-2,57894461897286;Plantae;Tracheophyta
-2,10969223805482;Plantae;Tracheophyta
0,227777109636385;Plantae;Tracheophyta
1,87862744627967;Plantae;Tracheophyta
0,377122398188705;Plantae;Tracheophyta
1,30490750948859;Plantae;Tracheophyta
-2,90292287717175;Plantae;Tracheophyta
-2,00358047406929;Plantae;Tracheophyta
-1,35844251269571;Plantae;Tracheophyta
0,0719471682894062;Plantae;Tracheophyta
1,95425206739015;Plantae;Tracheophyta
-2,29126254652107;Plantae;Tracheophyta
-0,991979562390813;Plantae;Tracheophyta
-1,07486722219658;Plantae;Tracheophyta
0,267013784753733;Plantae;Tracheophyta
0,981155398409984;Plantae;Tracheophyta
-1,88579743841291;Plantae;Tracheophyta
-2,79523872175687;Plantae;Tracheophyta
-2,25044055200082;Plantae;Tracheophyta
0,114179931912679;Plantae;Tracheophyta
-1,44396468613387;Plantae;Tracheophyta
-1,35844251269571;Plantae;Tracheophyta
-1,29876202183849;Plantae;Tracheophyta
-1,59811536596113;Plantae;Tracheophyta
-1,53749074414469;Plantae;Tracheophyta
-2,4247939391456;Plantae;Tracheophyta
-1,3917789329633;Plantae;Tracheophyta
-0,227569361809377;Plantae;Tracheophyta
-1,11260755017943;Plantae;Tracheophyta
-1,70811626117546;Plantae;Tracheophyta
-0,777968494639876;Plantae;Tracheophyta
-1,83173021714263;Plantae;Tracheophyta
1,1467488082638;Plantae;Tracheophyta
1,31965536612315;Plantae;Tracheophyta
3,41210317463878;Plantae;Tracheophyta
-2,52487739770258;Plantae;Tracheophyta
-0,926021594599016;Plantae;Tracheophyta
-0,877548556762185;Plantae;Tracheophyta
-1,70090505288672;Plantae;Tracheophyta
-1,16525128366485;Plantae;Tracheophyta
-1,51807265828759;Plantae;Tracheophyta
-2,13711186669381;Plantae;Tracheophyta
-2,06811899520686;Plantae;Tracheophyta
-1,31043329350935;Plantae;Tracheophyta
-1,48033233030475;Plantae;Tracheophyta
-1,68512674295076;Plantae;Tracheophyta
2,12807994334378;Plantae;Tracheophyta
-0,894605398365637;Plantae;Tracheophyta
1,02745861331684;Plantae;Tracheophyta
-2,02964953038128;Plantae;Tracheophyta
0,0481365195956878;Plantae;Tracheophyta
1,51907647793821;Plantae;Tracheophyta
-1,64067498037992;Plantae;Tracheophyta
1,17817645830034;Plantae;Tracheophyta
-2,66930802599024;Plantae;Tracheophyta
-1,70811626117546;Plantae;Tracheophyta
-1,83173021714263;Plantae;Tracheophyta
-1,85837780977391;Plantae;Tracheophyta
-1,4088733663226;Plantae;Tracheophyta
1,46799770435466;Plantae;Tracheophyta
-1,42626510903447;Plantae;Tracheophyta
-1,6626538870987;Plantae;Tracheophyta
0,169038292464726;Plantae;Tracheophyta
-1,19470117830051;Plantae;Tracheophyta
-0,733117928474524;Plantae;Tracheophyta
-2,16855289511883;Plantae;Tracheophyta
-2,66930802599024;Plantae;Tracheophyta
-1,83173021714263;Plantae;Tracheophyta
-2,06811899520686;Plantae;Tracheophyta
-2,10202054688254;Plantae;Tracheophyta
-1,75574431016471;Plantae;Tracheophyta
-0,310261077654491;Plantae;Tracheophyta
-3,31696897235285;Plantae;Tracheophyta
-2,17347951086469;Plantae;Tracheophyta
0,270476535310214;Plantae;Tracheophyta
-1,68512674295076;Plantae;Tracheophyta
0,929574221049549;Plantae;Tracheophyta
-3,39462732626182;Plantae;Tracheophyta
-1,55729337144087;Plantae;Tracheophyta
-2,35085429487171;Plantae;Tracheophyta
-1,16525128366485;Plantae;Tracheophyta
-2,80283941861476;Plantae;Tracheophyta
-1,80575473073937;Plantae;Tracheophyta
-1,099868524402;Plantae;Tracheophyta
-1,13858303658269;Plantae;Tracheophyta
-0,187289358761916;Plantae;Tracheophyta
-1,55729337144087;Plantae;Tracheophyta
-1,80575473073937;Plantae;Tracheophyta
-4,83956508052164;Plantae;Tracheophyta
-2,2097756966118;Plantae;Tracheophyta
-1,4990244633169;Plantae;Tracheophyta
-1,31043329350935;Plantae;Tracheophyta
-1,29492910697338;Plantae;Tracheophyta
-1,78043692275508;Plantae;Tracheophyta
-0,69019288375749;Plantae;Tracheophyta
-3,13931165523598;Plantae;Tracheophyta
-2,21121983884754;Plantae;Tracheophyta
-1,55690241518979;Plantae;Tracheophyta
-2,69672765462924;Plantae;Tracheophyta
0,816441677655484;Plantae;Tracheophyta
-1,03112070027015;Plantae;Tracheophyta
-2,12399411167225;Plantae;Tracheophyta
-2,25044055200082;Plantae;Tracheophyta
-2,47358410331503;Plantae;Tracheophyta
0,0719471682894062;Plantae;Tracheophyta
-1,59811536596113;Plantae;Tracheophyta
-1,4990244633169;Plantae;Tracheophyta
-2,13711186669381;Plantae;Tracheophyta
-0,122208846151551;Plantae;Tracheophyta
-2,33382216093987;Plantae;Tracheophyta
-2,03532917238387;Plantae;Tracheophyta
-2,25004959574974;Plantae;Tracheophyta
-0,0769390398897052;Plantae;Tracheophyta
-0,400412174648788;Plantae;Tracheophyta
-0,877548556762185;Plantae;Tracheophyta
-0,542062691711815;Plantae;Tracheophyta
-2,3973743105066;Plantae;Tracheophyta
1,30376399878652;Plantae;Tracheophyta
-2,04912276164615;Plantae;Tracheophyta
2,67652323606782;Plantae;Tracheophyta
-0,2324105953886;Plantae;Tracheophyta
-4,09517450770049;Plantae;Tracheophyta
0,965365193182677;Plantae;Tracheophyta
-1,57749607875839;Plantae;Tracheophyta
-1,64067498037992;Plantae;Tracheophyta
1,09876153454296;Plantae;Tracheophyta
1,54369941277061;Plantae;Tracheophyta
-2,92959112425391;Plantae;Tracheophyta
-1,64067498037992;Plantae;Tracheophyta
-1,35844251269571;Plantae;Tracheophyta
0,765094348849352;Plantae;Tracheophyta
-3,13931165523598;Plantae;Tracheophyta
-2,06811899520686;Plantae;Tracheophyta
-2,13711186669381;Plantae;Tracheophyta
-1,29492910697338;Plantae;Tracheophyta
-1,64067498037992;Plantae;Tracheophyta
-1,3500054140997;Plantae;Tracheophyta
2,39817219183011;Plantae;Tracheophyta
-0,0985381516931669;Plantae;Tracheophyta
-0,770355713526415;Plantae;Tracheophyta
-0,834587388639384;Plantae;Tracheophyta
-1,42626510903447;Plantae;Tracheophyta
-1,73164675858565;Plantae;Tracheophyta
-1,57749607875839;Plantae;Tracheophyta
-2,57894461897286;Plantae;Tracheophyta
-1,64067498037992;Plantae;Tracheophyta
-1,94295585225286;Plantae;Tracheophyta
-2,4247939391456;Plantae;Tracheophyta
-1,68512674295076;Plantae;Tracheophyta
-2,4247939391456;Plantae;Tracheophyta
-2,10202054688254;Plantae;Tracheophyta
-1,6626538870987;Plantae;Tracheophyta
-1,46198319163655;Plantae;Tracheophyta
-2,73384654712781;Plantae;Tracheophyta
-2,9476088688868;Plantae;Tracheophyta
-2,62848603146998;Plantae;Tracheophyta
-2,47358410331503;Plantae;Tracheophyta
0,444231143340714;Plantae;Tracheophyta
1,39865803210127;Plantae;Tracheophyta
0,231127196521667;Plantae;Tracheophyta
-0,702255109788288;Plantae;Tracheophyta
1,03047066378683;Plantae;Tracheophyta
-0,350193631044983;Plantae;Tracheophyta
-1,84002867110571;Plantae;Tracheophyta
0,329776277591506;Plantae;Tracheophyta
0,267425906801795;Plantae;Tracheophyta
-2,17106118443111;Plantae;Tracheophyta
-1,55729337144087;Plantae;Tracheophyta
0,0512361535342931;Plantae;Tracheophyta
-1,48033233030475;Plantae;Tracheophyta
-1,4990244633169;Plantae;Tracheophyta
-1,57749607875839;Plantae;Tracheophyta
-2,47358410331503;Plantae;Tracheophyta
0,823404464507688;Plantae;Tracheophyta
-1,12551095501534;Plantae;Tracheophyta
-0,243569703155818;Plantae;Tracheophyta
0,782587506296869;Plantae;Tracheophyta
-2,06811899520686;Plantae;Tracheophyta
-0,681824634086974;Plantae;Tracheophyta
-0,864146190880928;Plantae;Tracheophyta
-1,46198319163655;Plantae;Tracheophyta
-2,22302092336182;Plantae;Tracheophyta
-1,35844251269571;Plantae;Tracheophyta
0,0801551231045075;Plantae;Tracheophyta
-1,4088733663226;Plantae;Tracheophyta
0,44418662876925;Plantae;Tracheophyta
-1,26462375747805;Plantae;Tracheophyta
-0,103340361847168;Plantae;Tracheophyta
-2,91862133201355;Plantae;Tracheophyta
-2,52487739770258;Plantae;Tracheophyta
-1,73164675858565;Plantae;Tracheophyta
1,73557613333565;Plantae;Tracheophyta
-0,265309689792224;Plantae;Tracheophyta
-4,43348309563917;Plantae;Tracheophyta
-0,23287441403907;Plantae;Tracheophyta
-1,31043329350935;Plantae;Tracheophyta
0,254268725083361;Plantae;Tracheophyta
0,385755545333407;Plantae;Tracheophyta
1,98366595259644;Plantae;Tracheophyta
-1,80575473073937;Plantae;Tracheophyta
-0,688908936214082;Plantae;Tracheophyta
-1,27966163484259;Plantae;Tracheophyta
-2,53317585166566;Plantae;Tracheophyta
-0,895214342317303;Plantae;Tracheophyta
-1,6626538870987;Plantae;Tracheophyta
-0,741928558156679;Plantae;Tracheophyta
-2,25004959574974;Plantae;Tracheophyta
-1,72832468152571;Plantae;Tracheophyta
2,4490172222009;Plantae;Tracheophyta
3,20819430183713;Plantae;Tracheophyta
-0,438878455476584;Plantae;Tracheophyta
1,86436001878866;Plantae;Tracheophyta
0,73119279717367;Plantae;Tracheophyta
-1,4088733663226;Plantae;Tracheophyta
-1,34218199182393;Plantae;Tracheophyta
1,14003286629836;Plantae;Tracheophyta
-2,22302092336182;Plantae;Tracheophyta
-1,64067498037992;Plantae;Tracheophyta
-1,73164675858565;Plantae;Tracheophyta
-2,17347951086469;Plantae;Tracheophyta
-2,13711186669381;Plantae;Tracheophyta
-2,00358047406929;Plantae;Tracheophyta
1,887601865487;Plantae;Tracheophyta
-2,5892653183167;Plantae;Tracheophyta
-2,53317585166566;Plantae;Tracheophyta
-2,03532917238387;Plantae;Tracheophyta
1,58426935032466;Plantae;Tracheophyta
2,05955287977323;Plantae;Tracheophyta
-2,6897797595847;Plantae;Tracheophyta
-1,75574431016471;Plantae;Tracheophyta
-2,3782739235107;Plantae;Tracheophyta
-0,176011552144527;Plantae;Tracheophyta
-1,51807265828759;Plantae;Tracheophyta
-2,03532917238387;Plantae;Tracheophyta
-2,80283941861476;Plantae;Tracheophyta
-1,8583984642248;Plantae;Tracheophyta
-1,46198319163655;Plantae;Tracheophyta
-1,01496908061551;Plantae;Tracheophyta
0,320643794028234;Plantae;Tracheophyta
2,75021244702486;Plantae;Tracheophyta
-1,4088733663226;Plantae;Tracheophyta
-2,33382216093987;Plantae;Tracheophyta
-0,161048679467815;Plantae;Tracheophyta
-1,91553622361386;Plantae;Tracheophyta
-2,25044055200082;Plantae;Tracheophyta
-1,44396468613387;Plantae;Tracheophyta
-1,4088733663226;Plantae;Tracheophyta
0,759194626722164;Plantae;Tracheophyta
-0,702778589732191;Plantae;Tracheophyta
-4,52401127359668;Plantae;Tracheophyta
-1,83173021714263;Plantae;Tracheophyta
-0,724384248505769;Plantae;Tracheophyta
-2,00358047406929;Plantae;Tracheophyta
-1,51807265828759;Plantae;Tracheophyta
-1,57749607875839;Plantae;Tracheophyta
-2,21627266613108;Plantae;Tracheophyta
-0,946529194721242;Plantae;Tracheophyta
1,27319557301737;Plantae;Tracheophyta
-1,32618165047749;Plantae;Tracheophyta
2,29667670253866;Plantae;Tracheophyta
-1,57749607875839;Plantae;Tracheophyta
-1,51807265828759;Plantae;Tracheophyta
-2,10202054688254;Plantae;Tracheophyta
-1,64067498037992;Plantae;Tracheophyta
-1,4990244633169;Plantae;Tracheophyta
-0,191201717638503;Plantae;Tracheophyta
-2,57894461897286;Plantae;Tracheophyta
-1,4990244633169;Plantae;Tracheophyta
-1,57749607875839;Plantae;Tracheophyta
-1,6626538870987;Plantae;Tracheophyta
-1,59811536596113;Plantae;Tracheophyta
-1,86197812371107;Plantae;Tracheophyta
-1,6626538870987;Plantae;Tracheophyta
-2,85162958278419;Plantae;Tracheophyta
-1,32618165047749;Plantae;Tracheophyta
-1,75574431016471;Plantae;Tracheophyta
-1,73164675858565;Plantae;Tracheophyta
-1,57749607875839;Plantae;Tracheophyta
-1,68512674295076;Plantae;Tracheophyta
-1,2726508778348;Animalia;Arthropoda
